"U1","U2","vtkValidPointMask","arc_length","Points:0","Points:1","Points:2"
3.539e-10,3.539e-10,1,0,0,0.5,0.25
3.1427e-10,3.1427e-10,1,0.004,0.004,0.5,0.25
2.7464e-10,2.7464e-10,1,0.008,0.008,0.5,0.25
2.35e-10,2.35e-10,1,0.012,0.012,0.5,0.25
1.9537e-10,1.9537e-10,1,0.016,0.016,0.5,0.25
1.5573e-10,1.5573e-10,1,0.02,0.02,0.5,0.25
1.161e-10,1.161e-10,1,0.024,0.024,0.5,0.25
7.6465e-11,7.6465e-11,1,0.028,0.028,0.5,0.25
3.6831e-11,3.6831e-11,1,0.032,0.032,0.5,0.25
-2.8029e-12,-2.8029e-12,1,0.036,0.036,0.5,0.25
-4.2437e-11,-4.2437e-11,1,0.04,0.04,0.5,0.25
-8.2071e-11,-8.2071e-11,1,0.044,0.044,0.5,0.25
-1.2171e-10,-1.2171e-10,1,0.048,0.048,0.5,0.25
-1.6134e-10,-1.6134e-10,1,0.052,0.052,0.5,0.25
-2.0097e-10,-2.0097e-10,1,0.056,0.056,0.5,0.25
-2.4061e-10,-2.4061e-10,1,0.06,0.06,0.5,0.25
-2.8024e-10,-2.8024e-10,1,0.064,0.064,0.5,0.25
-3.1988e-10,-3.1988e-10,1,0.068,0.068,0.5,0.25
-3.5951e-10,-3.5951e-10,1,0.072,0.072,0.5,0.25
-3.9914e-10,-3.9914e-10,1,0.076,0.076,0.5,0.25
-4.3878e-10,-4.3878e-10,1,0.08,0.08,0.5,0.25
-4.7841e-10,-4.7841e-10,1,0.084,0.084,0.5,0.25
-4.9377e-10,-4.9377e-10,1,0.088,0.088,0.5,0.25
-5.3163e-10,-5.3163e-10,1,0.092,0.092,0.5,0.25
-5.6949e-10,-5.6949e-10,1,0.096,0.096,0.5,0.25
-6.0736e-10,-6.0736e-10,1,0.1,0.1,0.5,0.25
-6.4522e-10,-6.4522e-10,1,0.104,0.104,0.5,0.25
-6.8308e-10,-6.8308e-10,1,0.108,0.108,0.5,0.25
-7.2094e-10,-7.2094e-10,1,0.112,0.112,0.5,0.25
-7.588e-10,-7.588e-10,1,0.116,0.116,0.5,0.25
-7.9666e-10,-7.9666e-10,1,0.12,0.12,0.5,0.25
-8.3453e-10,-8.3453e-10,1,0.124,0.124,0.5,0.25
-1.1259e-09,-1.1259e-09,1,0.128,0.128,0.5,0.25
-1.182e-09,-1.182e-09,1,0.132,0.132,0.5,0.25
-1.2381e-09,-1.2381e-09,1,0.136,0.136,0.5,0.25
-1.2942e-09,-1.2942e-09,1,0.14,0.14,0.5,0.25
-1.3503e-09,-1.3503e-09,1,0.144,0.144,0.5,0.25
-1.4064e-09,-1.4064e-09,1,0.148,0.148,0.5,0.25
-1.4625e-09,-1.4625e-09,1,0.152,0.152,0.5,0.25
-1.5186e-09,-1.5186e-09,1,0.156,0.156,0.5,0.25
-1.5747e-09,-1.5747e-09,1,0.16,0.16,0.5,0.25
-1.6308e-09,-1.6308e-09,1,0.164,0.164,0.5,0.25
-1.6869e-09,-1.6869e-09,1,0.168,0.168,0.5,0.25
-2.8635e-09,-2.8635e-09,1,0.172,0.172,0.5,0.25
-2.9124e-09,-2.9124e-09,1,0.176,0.176,0.5,0.25
-2.9613e-09,-2.9613e-09,1,0.18,0.18,0.5,0.25
-3.0102e-09,-3.0102e-09,1,0.184,0.184,0.5,0.25
-3.0591e-09,-3.0591e-09,1,0.188,0.188,0.5,0.25
-3.108e-09,-3.108e-09,1,0.192,0.192,0.5,0.25
-3.1569e-09,-3.1569e-09,1,0.196,0.196,0.5,0.25
-5.3118e-09,-5.3118e-09,1,0.2,0.2,0.5,0.25
-5.0881e-09,-5.0881e-09,1,0.204,0.204,0.5,0.25
-4.8645e-09,-4.8645e-09,1,0.208,0.208,0.5,0.25
-4.6408e-09,-4.6408e-09,1,0.212,0.212,0.5,0.25
7.3583e-09,7.3583e-09,1,0.216,0.216,0.5,0.25
8.3901e-09,8.3901e-09,1,0.22,0.22,0.5,0.25
9.4218e-09,9.4218e-09,1,0.224,0.224,0.5,0.25
1.0454e-08,1.0454e-08,1,0.228,0.228,0.5,0.25
1.1485e-08,1.1485e-08,1,0.232,0.232,0.5,0.25
5.3659e-07,5.3659e-07,1,0.236,0.236,0.5,0.25
5.1235e-07,5.1235e-07,1,0.24,0.24,0.5,0.25
4.881e-07,4.881e-07,1,0.244,0.244,0.5,0.25
4.6385e-07,4.6385e-07,1,0.248,0.248,0.5,0.25
4.396e-07,4.396e-07,1,0.252,0.252,0.5,0.25
4.1536e-07,4.1536e-07,1,0.256,0.256,0.5,0.25
3.9111e-07,3.9111e-07,1,0.26,0.26,0.5,0.25
3.6686e-07,3.6686e-07,1,0.264,0.264,0.5,0.25
3.4261e-07,3.4261e-07,1,0.268,0.268,0.5,0.25
3.1837e-07,3.1837e-07,1,0.272,0.272,0.5,0.25
2.9412e-07,2.9412e-07,1,0.276,0.276,0.5,0.25
2.6987e-07,2.6987e-07,1,0.28,0.28,0.5,0.25
2.4562e-07,2.4562e-07,1,0.284,0.284,0.5,0.25
2.2138e-07,2.2138e-07,1,0.288,0.288,0.5,0.25
2.9338e-06,2.9338e-06,1,0.292,0.292,0.5,0.25
2.6782e-06,2.6782e-06,1,0.296,0.296,0.5,0.25
2.4226e-06,2.4226e-06,1,0.3,0.3,0.5,0.25
2.167e-06,2.167e-06,1,0.304,0.304,0.5,0.25
1.9114e-06,1.9114e-06,1,0.308,0.308,0.5,0.25
1.6558e-06,1.6558e-06,1,0.312,0.312,0.5,0.25
1.4001e-06,1.4002e-06,1,0.316,0.316,0.5,0.25
1.1446e-06,1.1446e-06,1,0.32,0.32,0.5,0.25
8.8898e-07,8.8898e-07,1,0.324,0.324,0.5,0.25
6.3339e-07,6.3339e-07,1,0.328,0.328,0.5,0.25
3.7781e-07,3.7781e-07,1,0.332,0.332,0.5,0.25
1.2222e-07,1.2222e-07,1,0.336,0.336,0.5,0.25
-1.3336e-07,-1.3336e-07,1,0.34,0.34,0.5,0.25
-3.8896e-07,-3.8895e-07,1,0.344,0.344,0.5,0.25
-6.4453e-07,-6.4452e-07,1,0.348,0.348,0.5,0.25
-9.0012e-07,-9.0012e-07,1,0.352,0.352,0.5,0.25
-1.1557e-06,-1.1557e-06,1,0.356,0.356,0.5,0.25
-1.4113e-06,-1.4113e-06,1,0.36,0.36,0.5,0.25
-1.6669e-06,-1.6669e-06,1,0.364,0.364,0.5,0.25
-1.9225e-06,-1.9225e-06,1,0.368,0.368,0.5,0.25
-2.1781e-06,-2.1781e-06,1,0.372,0.372,0.5,0.25
2.4792e-06,2.4792e-06,1,0.376,0.376,0.5,0.25
9.0837e-07,9.0837e-07,1,0.38,0.38,0.5,0.25
-6.625e-07,-6.625e-07,1,0.384,0.384,0.5,0.25
-2.2334e-06,-2.2334e-06,1,0.388,0.388,0.5,0.25
-3.8042e-06,-3.8042e-06,1,0.392,0.392,0.5,0.25
-5.3753e-06,-5.3753e-06,1,0.396,0.396,0.5,0.25
-6.9462e-06,-6.9462e-06,1,0.4,0.4,0.5,0.25
-8.517e-06,-8.517e-06,1,0.404,0.404,0.5,0.25
-1.0088e-05,-1.0088e-05,1,0.408,0.408,0.5,0.25
-1.1659e-05,-1.1659e-05,1,0.412,0.412,0.5,0.25
-1.3229e-05,-1.3229e-05,1,0.416,0.416,0.5,0.25
-1.48e-05,-1.48e-05,1,0.42,0.42,0.5,0.25
-1.6371e-05,-1.6371e-05,1,0.424,0.424,0.5,0.25
-1.7942e-05,-1.7942e-05,1,0.428,0.428,0.5,0.25
-1.9513e-05,-1.9513e-05,1,0.432,0.432,0.5,0.25
-2.5288e-05,-2.5288e-05,1,0.436,0.436,0.5,0.25
-2.7133e-05,-2.7133e-05,1,0.44,0.44,0.5,0.25
-2.8978e-05,-2.8978e-05,1,0.444,0.444,0.5,0.25
-3.0823e-05,-3.0823e-05,1,0.448,0.448,0.5,0.25
-3.2668e-05,-3.2668e-05,1,0.452,0.452,0.5,0.25
-3.4513e-05,-3.4513e-05,1,0.456,0.456,0.5,0.25
-3.6358e-05,-3.6358e-05,1,0.46,0.46,0.5,0.25
-3.8203e-05,-3.8203e-05,1,0.464,0.464,0.5,0.25
-0.0001365,-0.0001365,1,0.468,0.468,0.5,0.25
-0.00013367,-0.00013367,1,0.472,0.472,0.5,0.25
-0.00013084,-0.00013084,1,0.476,0.476,0.5,0.25
-0.00012801,-0.00012801,1,0.48,0.48,0.5,0.25
-0.00012518,-0.00012518,1,0.484,0.484,0.5,0.25
-0.00012235,-0.00012235,1,0.488,0.488,0.5,0.25
-0.00011952,-0.00011952,1,0.492,0.492,0.5,0.25
-0.00011669,-0.00011669,1,0.496,0.496,0.5,0.25
-0.00011386,-0.00011386,1,0.5,0.5,0.5,0.25
-0.00011103,-0.00011103,1,0.504,0.504,0.5,0.25
-0.0001082,-0.0001082,1,0.508,0.508,0.5,0.25
-0.00010537,-0.00010537,1,0.512,0.512,0.5,0.25
-0.00010254,-0.00010254,1,0.516,0.516,0.5,0.25
-9.9712e-05,-9.9712e-05,1,0.52,0.52,0.5,0.25
-9.6882e-05,-9.6882e-05,1,0.524,0.524,0.5,0.25
-9.4052e-05,-9.4052e-05,1,0.528,0.528,0.5,0.25
-9.1223e-05,-9.1223e-05,1,0.532,0.532,0.5,0.25
-8.8392e-05,-8.8392e-05,1,0.536,0.536,0.5,0.25
-8.5563e-05,-8.5563e-05,1,0.54,0.54,0.5,0.25
-8.2733e-05,-8.2733e-05,1,0.544,0.544,0.5,0.25
-7.9903e-05,-7.9903e-05,1,0.548,0.548,0.5,0.25
-7.7073e-05,-7.7073e-05,1,0.552,0.552,0.5,0.25
-7.4243e-05,-7.4243e-05,1,0.556,0.556,0.5,0.25
-7.1413e-05,-7.1413e-05,1,0.56,0.56,0.5,0.25
-6.8583e-05,-6.8583e-05,1,0.564,0.564,0.5,0.25
-6.5754e-05,-6.5754e-05,1,0.568,0.568,0.5,0.25
-6.2924e-05,-6.2924e-05,1,0.572,0.572,0.5,0.25
-6.0093e-05,-6.0093e-05,1,0.576,0.576,0.5,0.25
-5.7264e-05,-5.7264e-05,1,0.58,0.58,0.5,0.25
-7.6172e-05,-7.6172e-05,1,0.584,0.584,0.5,0.25
-4.7486e-05,-4.7486e-05,1,0.588,0.588,0.5,0.25
-2.2126e-05,-2.2126e-05,1,0.592,0.592,0.5,0.25
3.2337e-06,3.2337e-06,1,0.596,0.596,0.5,0.25
2.8593e-05,2.8593e-05,1,0.6,0.6,0.5,0.25
3.765e-05,3.765e-05,1,0.604,0.604,0.5,0.25
8.1156e-05,8.1156e-05,1,0.608,0.608,0.5,0.25
0.00012466,0.00012466,1,0.612,0.612,0.5,0.25
0.00016817,0.00016817,1,0.616,0.616,0.5,0.25
0.00021167,0.00021167,1,0.62,0.62,0.5,0.25
0.00025518,0.00025518,1,0.624,0.624,0.5,0.25
0.00029869,0.00029869,1,0.628,0.628,0.5,0.25
0.00034219,0.00034219,1,0.632,0.632,0.5,0.25
0.0003857,0.0003857,1,0.636,0.636,0.5,0.25
0.0004292,0.0004292,1,0.64,0.64,0.5,0.25
0.000314,0.000314,1,0.644,0.644,0.5,0.25
0.0004251,0.0004251,1,0.648,0.648,0.5,0.25
-0.00062742,-0.00062742,1,0.652,0.652,0.5,0.25
-0.00033302,-0.00033302,1,0.656,0.656,0.5,0.25
-3.8572e-05,-3.8572e-05,1,0.66,0.66,0.5,0.25
0.00025582,0.00025582,1,0.664,0.664,0.5,0.25
0.00055021,0.00055021,1,0.668,0.668,0.5,0.25
0.00084461,0.00084461,1,0.672,0.672,0.5,0.25
0.0012982,0.0012982,1,0.676,0.676,0.5,0.25
0.0015708,0.0015708,1,0.68,0.68,0.5,0.25
0.0018434,0.0018434,1,0.684,0.684,0.5,0.25
0.002116,0.002116,1,0.688,0.688,0.5,0.25
0.0023885,0.0023885,1,0.692,0.692,0.5,0.25
0.0026611,0.0026611,1,0.696,0.696,0.5,0.25
0.0029337,0.0029337,1,0.7,0.7,0.5,0.25
0.0032063,0.0032063,1,0.704,0.704,0.5,0.25
0.0034788,0.0034788,1,0.708,0.708,0.5,0.25
0.0037514,0.0037514,1,0.712,0.712,0.5,0.25
0.004024,0.004024,1,0.716,0.716,0.5,0.25
0.0042966,0.0042966,1,0.72,0.72,0.5,0.25
0.0045691,0.0045691,1,0.724,0.724,0.5,0.25
0.0048417,0.0048417,1,0.728,0.728,0.5,0.25
0.0051143,0.0051143,1,0.732,0.732,0.5,0.25
0.0053868,0.0053868,1,0.736,0.736,0.5,0.25
0.0056594,0.0056594,1,0.74,0.74,0.5,0.25
0.005932,0.005932,1,0.744,0.744,0.5,0.25
0.0062046,0.0062046,1,0.748,0.748,0.5,0.25
0.0064772,0.0064772,1,0.752,0.752,0.5,0.25
0.0067497,0.0067497,1,0.756,0.756,0.5,0.25
0.0070223,0.0070223,1,0.76,0.76,0.5,0.25
0.0072949,0.0072949,1,0.764,0.764,0.5,0.25
0.0088143,0.0088143,1,0.768,0.768,0.5,0.25
0.009113,0.009113,1,0.772,0.772,0.5,0.25
0.0094118,0.0094118,1,0.776,0.776,0.5,0.25
0.0097105,0.0097105,1,0.78,0.78,0.5,0.25
0.010009,0.010009,1,0.784,0.784,0.5,0.25
0.010308,0.010308,1,0.788,0.788,0.5,0.25
0.010607,0.010607,1,0.792,0.792,0.5,0.25
0.010795,0.010795,1,0.796,0.796,0.5,0.25
0.011202,0.011202,1,0.8,0.8,0.5,0.25
0.012768,0.012768,1,0.804,0.804,0.5,0.25
0.013431,0.013431,1,0.808,0.808,0.5,0.25
0.014093,0.014093,1,0.812,0.812,0.5,0.25
0.014804,0.014804,1,0.816,0.816,0.5,0.25
0.015514,0.015514,1,0.82,0.82,0.5,0.25
0.016224,0.016224,1,0.824,0.824,0.5,0.25
0.016934,0.016934,1,0.828,0.828,0.5,0.25
0.017644,0.017644,1,0.832,0.832,0.5,0.25
0.017366,0.017366,1,0.836,0.836,0.5,0.25
0.01909,0.01909,1,0.84,0.84,0.5,0.25
0.020814,0.020814,1,0.844,0.844,0.5,0.25
0.022537,0.022537,1,0.848,0.848,0.5,0.25
0.014024,0.014024,1,0.852,0.852,0.5,0.25
0.016996,0.016996,1,0.856,0.856,0.5,0.25
0.019967,0.019967,1,0.86,0.86,0.5,0.25
0.022939,0.022939,1,0.864,0.864,0.5,0.25
0.025911,0.025911,1,0.868,0.868,0.5,0.25
0.028883,0.028883,1,0.872,0.872,0.5,0.25
0.031854,0.031854,1,0.876,0.876,0.5,0.25
0.034826,0.034826,1,0.88,0.88,0.5,0.25
0.028827,0.028827,1,0.884,0.884,0.5,0.25
0.032263,0.032263,1,0.888,0.888,0.5,0.25
0.035699,0.035699,1,0.892,0.892,0.5,0.25
0.039134,0.039134,1,0.896,0.896,0.5,0.25
0.04257,0.04257,1,0.9,0.9,0.5,0.25
0.046005,0.046005,1,0.904,0.904,0.5,0.25
0.049441,0.049441,1,0.908,0.908,0.5,0.25
0.052876,0.052876,1,0.912,0.912,0.5,0.25
0.056312,0.056312,1,0.916,0.916,0.5,0.25
0.059747,0.059747,1,0.92,0.92,0.5,0.25
0.063183,0.063183,1,0.924,0.924,0.5,0.25
0.066618,0.066618,1,0.928,0.928,0.5,0.25
0.070054,0.070054,1,0.932,0.932,0.5,0.25
0.073489,0.073489,1,0.936,0.936,0.5,0.25
0.076924,0.076924,1,0.94,0.94,0.5,0.25
0.08036,0.08036,1,0.944,0.944,0.5,0.25
0.083795,0.083795,1,0.948,0.948,0.5,0.25
0.087231,0.087231,1,0.952,0.952,0.5,0.25
0.090667,0.090667,1,0.956,0.956,0.5,0.25
0.094102,0.094102,1,0.96,0.96,0.5,0.25
0.097538,0.097538,1,0.964,0.964,0.5,0.25
0.096581,0.096581,1,0.968,0.968,0.5,0.25
0.10418,0.10418,1,0.972,0.972,0.5,0.25
0.11178,0.11178,1,0.976,0.976,0.5,0.25
0.11938,0.11938,1,0.98,0.98,0.5,0.25
0.12699,0.12699,1,0.984,0.984,0.5,0.25
0.13459,0.13459,1,0.988,0.988,0.5,0.25
0.14219,0.14219,1,0.992,0.992,0.5,0.25
0.14979,0.14979,1,0.996,0.996,0.5,0.25
0.15739,0.15739,1,1,1,0.5,0.25
0.16499,0.16499,1,1.004,1.004,0.5,0.25
0.17259,0.17259,1,1.008,1.008,0.5,0.25
0.17168,0.17168,1,1.012,1.012,0.5,0.25
0.18379,0.18379,1,1.016,1.016,0.5,0.25
0.1959,0.1959,1,1.02,1.02,0.5,0.25
0.208,0.208,1,1.024,1.024,0.5,0.25
0.22011,0.22011,1,1.028,1.028,0.5,0.25
0.23222,0.23222,1,1.032,1.032,0.5,0.25
0.24433,0.24433,1,1.036,1.036,0.5,0.25
0.25644,0.25644,1,1.04,1.04,0.5,0.25
0.26855,0.26855,1,1.044,1.044,0.5,0.25
0.28065,0.28065,1,1.048,1.048,0.5,0.25
0.29175,0.29175,1,1.052,1.052,0.5,0.25
0.30814,0.30814,1,1.056,1.056,0.5,0.25
0.32453,0.32453,1,1.06,1.06,0.5,0.25
0.34092,0.34092,1,1.064,1.064,0.5,0.25
0.35731,0.35731,1,1.068,1.068,0.5,0.25
0.37371,0.37371,1,1.072,1.072,0.5,0.25
0.3901,0.3901,1,1.076,1.076,0.5,0.25
0.40649,0.40649,1,1.08,1.08,0.5,0.25
0.38727,0.38727,1,1.084,1.084,0.5,0.25
0.42146,0.42146,1,1.088,1.088,0.5,0.25
0.45565,0.45565,1,1.092,1.092,0.5,0.25
0.48984,0.48984,1,1.096,1.096,0.5,0.25
0.52403,0.52403,1,1.1,1.1,0.5,0.25
0.55821,0.55821,1,1.104,1.104,0.5,0.25
0.5924,0.5924,1,1.108,1.108,0.5,0.25
0.62659,0.62659,1,1.112,1.112,0.5,0.25
0.66077,0.66077,1,1.116,1.116,0.5,0.25
0.69495,0.69495,1,1.12,1.12,0.5,0.25
0.72913,0.72913,1,1.124,1.124,0.5,0.25
0.76332,0.76332,1,1.128,1.128,0.5,0.25
0.7975,0.7975,1,1.132,1.132,0.5,0.25
0.83168,0.83168,1,1.136,1.136,0.5,0.25
0.86586,0.86586,1,1.14,1.14,0.5,0.25
0.85935,0.85936,1,1.144,1.144,0.5,0.25
0.91345,0.91345,1,1.148,1.148,0.5,0.25
0.96754,0.96754,1,1.152,1.152,0.5,0.25
1.0216,1.0216,1,1.156,1.156,0.5,0.25
1.0757,1.0757,1,1.16,1.16,0.5,0.25
1.1298,1.1298,1,1.164,1.164,0.5,0.25
1.1839,1.1839,1,1.168,1.168,0.5,0.25
1.238,1.238,1,1.172,1.172,0.5,0.25
1.2921,1.2921,1,1.176,1.176,0.5,0.25
1.3462,1.3462,1,1.18,1.18,0.5,0.25
1.4003,1.4003,1,1.184,1.184,0.5,0.25
1.4544,1.4544,1,1.188,1.188,0.5,0.25
1.504,1.504,1,1.192,1.192,0.5,0.25
1.569,1.569,1,1.196,1.196,0.5,0.25
1.6339,1.634,1,1.2,1.2,0.5,0.25
1.6989,1.699,1,1.204,1.204,0.5,0.25
1.7639,1.764,1,1.208,1.208,0.5,0.25
1.8289,1.8289,1,1.212,1.212,0.5,0.25
1.8939,1.8939,1,1.216,1.216,0.5,0.25
1.9588,1.9589,1,1.22,1.22,0.5,0.25
2.0238,2.0239,1,1.224,1.224,0.5,0.25
2.0888,2.0889,1,1.228,1.228,0.5,0.25
2.1538,2.1539,1,1.232,1.232,0.5,0.25
2.2188,2.2188,1,1.236,1.236,0.5,0.25
2.3689,2.369,1,1.24,1.24,0.5,0.25
2.4229,2.423,1,1.244,1.244,0.5,0.25
2.4769,2.477,1,1.248,1.248,0.5,0.25
2.5309,2.531,1,1.252,1.252,0.5,0.25
2.5849,2.5849,1,1.256,1.256,0.5,0.25
2.6389,2.6389,1,1.26,1.26,0.5,0.25
2.6929,2.6929,1,1.264,1.264,0.5,0.25
2.7468,2.7469,1,1.268,1.268,0.5,0.25
nan,nan,0,1.272,1.272,0.5,0.25
2.9207,2.9207,1,1.276,1.276,0.5,0.25
2.9607,2.9607,1,1.28,1.28,0.5,0.25
3.0006,3.0007,1,1.284,1.284,0.5,0.25
3.0406,3.0406,1,1.288,1.288,0.5,0.25
3.0806,3.0806,1,1.292,1.292,0.5,0.25
3.1206,3.1205,1,1.296,1.296,0.5,0.25
3.1605,3.1605,1,1.3,1.3,0.5,0.25
3.2005,3.2004,1,1.304,1.304,0.5,0.25
3.4381,3.4386,1,1.308,1.308,0.5,0.25
3.4633,3.4635,1,1.312,1.312,0.5,0.25
3.4884,3.4885,1,1.316,1.316,0.5,0.25
3.5135,3.5135,1,1.32,1.32,0.5,0.25
3.5386,3.5384,1,1.324,1.324,0.5,0.25
3.5637,3.5634,1,1.328,1.328,0.5,0.25
3.5888,3.5883,1,1.332,1.332,0.5,0.25
3.6139,3.6133,1,1.336,1.336,0.5,0.25
3.639,3.6383,1,1.34,1.34,0.5,0.25
3.6641,3.6632,1,1.344,1.344,0.5,0.25
3.6892,3.6882,1,1.348,1.348,0.5,0.25
3.7143,3.7131,1,1.352,1.352,0.5,0.25
3.7394,3.7381,1,1.356,1.356,0.5,0.25
3.7646,3.7631,1,1.36,1.36,0.5,0.25
3.7897,3.788,1,1.364,1.364,0.5,0.25
3.8361,3.8333,1,1.368,1.368,0.5,0.25
3.8566,3.8537,1,1.372,1.372,0.5,0.25
3.8771,3.874,1,1.376,1.376,0.5,0.25
3.8976,3.8943,1,1.38,1.38,0.5,0.25
3.9181,3.9147,1,1.384,1.384,0.5,0.25
3.9669,3.9631,1,1.388,1.388,0.5,0.25
3.9753,3.9713,1,1.392,1.392,0.5,0.25
3.9836,3.9795,1,1.396,1.396,0.5,0.25
3.992,3.9877,1,1.4,1.4,0.5,0.25
4.0004,3.9958,1,1.404,1.404,0.5,0.25
4.0087,4.004,1,1.408,1.408,0.5,0.25
4.0171,4.0122,1,1.412,1.412,0.5,0.25
4.0255,4.0204,1,1.416,1.416,0.5,0.25
4.0338,4.0286,1,1.42,1.42,0.5,0.25
4.0422,4.0368,1,1.424,1.424,0.5,0.25
4.0506,4.045,1,1.428,1.428,0.5,0.25
4.059,4.0532,1,1.432,1.432,0.5,0.25
4.0673,4.0614,1,1.436,1.436,0.5,0.25
4.0757,4.0696,1,1.44,1.44,0.5,0.25
4.0927,4.0857,1,1.444,1.444,0.5,0.25
4.1172,4.1096,1,1.448,1.448,0.5,0.25
4.1192,4.1114,1,1.452,1.452,0.5,0.25
4.1211,4.1133,1,1.456,1.456,0.5,0.25
4.123,4.1151,1,1.46,1.46,0.5,0.25
4.1328,4.1263,1,1.464,1.464,0.5,0.25
4.1344,4.1279,1,1.468,1.468,0.5,0.25
4.136,4.1296,1,1.472,1.472,0.5,0.25
4.1376,4.1312,1,1.476,1.476,0.5,0.25
4.1392,4.1329,1,1.48,1.48,0.5,0.25
4.1408,4.1345,1,1.484,1.484,0.5,0.25
4.1424,4.1362,1,1.488,1.488,0.5,0.25
4.144,4.1378,1,1.492,1.492,0.5,0.25
4.1456,4.1395,1,1.496,1.496,0.5,0.25
4.1471,4.1411,1,1.5,1.5,0.5,0.25
4.1487,4.1428,1,1.504,1.504,0.5,0.25
4.1503,4.1444,1,1.508,1.508,0.5,0.25
4.1618,4.1562,1,1.512,1.512,0.5,0.25
4.1607,4.1551,1,1.516,1.516,0.5,0.25
4.1595,4.154,1,1.52,1.52,0.5,0.25
4.1583,4.1528,1,1.524,1.524,0.5,0.25
4.1572,4.1517,1,1.528,1.528,0.5,0.25
4.156,4.1506,1,1.532,1.532,0.5,0.25
4.1548,4.1495,1,1.536,1.536,0.5,0.25
4.1536,4.1484,1,1.54,1.54,0.5,0.25
4.1525,4.1473,1,1.544,1.544,0.5,0.25
4.1513,4.1462,1,1.548,1.548,0.5,0.25
4.1501,4.145,1,1.552,1.552,0.5,0.25
4.1489,4.1439,1,1.556,1.556,0.5,0.25
4.1478,4.1428,1,1.56,1.56,0.5,0.25
4.1466,4.1417,1,1.564,1.564,0.5,0.25
4.1454,4.1406,1,1.568,1.568,0.5,0.25
4.1442,4.1395,1,1.572,1.572,0.5,0.25
4.1431,4.1384,1,1.576,1.576,0.5,0.25
4.1419,4.1372,1,1.58,1.58,0.5,0.25
4.1407,4.1361,1,1.584,1.584,0.5,0.25
4.1396,4.135,1,1.588,1.588,0.5,0.25
4.1384,4.1339,1,1.592,1.592,0.5,0.25
4.1372,4.1328,1,1.596,1.596,0.5,0.25
4.136,4.1317,1,1.6,1.6,0.5,0.25
4.1349,4.1306,1,1.604,1.604,0.5,0.25
4.1337,4.1294,1,1.608,1.608,0.5,0.25
4.1325,4.1283,1,1.612,1.612,0.5,0.25
4.1313,4.1272,1,1.616,1.616,0.5,0.25
4.1302,4.1261,1,1.62,1.62,0.5,0.25
4.129,4.125,1,1.624,1.624,0.5,0.25
4.1278,4.1239,1,1.628,1.628,0.5,0.25
4.1266,4.1228,1,1.632,1.632,0.5,0.25
4.1255,4.1216,1,1.636,1.636,0.5,0.25
4.1173,4.1137,1,1.64,1.64,0.5,0.25
4.1142,4.1107,1,1.644,1.644,0.5,0.25
4.1111,4.1078,1,1.648,1.648,0.5,0.25
4.108,4.1048,1,1.652,1.652,0.5,0.25
4.1049,4.1019,1,1.656,1.656,0.5,0.25
4.1018,4.0989,1,1.66,1.66,0.5,0.25
4.0987,4.0959,1,1.664,1.664,0.5,0.25
4.0955,4.093,1,1.668,1.668,0.5,0.25
4.0924,4.09,1,1.672,1.672,0.5,0.25
4.0893,4.087,1,1.676,1.676,0.5,0.25
4.0862,4.0841,1,1.68,1.68,0.5,0.25
4.0737,4.0716,1,1.684,1.684,0.5,0.25
4.0703,4.0686,1,1.688,1.688,0.5,0.25
4.0669,4.0656,1,1.692,1.692,0.5,0.25
4.0634,4.0626,1,1.696,1.696,0.5,0.25
4.06,4.0596,1,1.7,1.7,0.5,0.25
4.0566,4.0566,1,1.704,1.704,0.5,0.25
4.0531,4.0535,1,1.708,1.708,0.5,0.25
4.0497,4.0505,1,1.712,1.712,0.5,0.25
4.0463,4.0475,1,1.716,1.716,0.5,0.25
4.0428,4.0445,1,1.72,1.72,0.5,0.25
4.0394,4.0415,1,1.724,1.724,0.5,0.25
4.0326,4.034,1,1.728,1.728,0.5,0.25
4.0297,4.0319,1,1.732,1.732,0.5,0.25
4.02,4.0187,1,1.736,1.736,0.5,0.25
4.0183,4.0182,1,1.74,1.74,0.5,0.25
4.0167,4.0177,1,1.744,1.744,0.5,0.25
4.015,4.0172,1,1.748,1.748,0.5,0.25
4.0133,4.0168,1,1.752,1.752,0.5,0.25
4.0047,4.0096,1,1.756,1.756,0.5,0.25
4.0029,4.0091,1,1.76,1.76,0.5,0.25
4.0011,4.0086,1,1.764,1.764,0.5,0.25
3.9993,4.008,1,1.768,1.768,0.5,0.25
3.9975,4.0075,1,1.772,1.772,0.5,0.25
nan,nan,0,1.776,1.776,0.5,0.25
nan,nan,0,1.78,1.78,0.5,0.25
3.9921,4.0059,1,1.784,1.784,0.5,0.25
3.9904,4.0053,1,1.788,1.788,0.5,0.25
3.9886,4.0048,1,1.792,1.792,0.5,0.25
3.9868,4.0043,1,1.796,1.796,0.5,0.25
3.985,4.0037,1,1.8,1.8,0.5,0.25
3.9832,4.0032,1,1.804,1.804,0.5,0.25
3.9814,4.0026,1,1.808,1.808,0.5,0.25
3.9796,4.0021,1,1.812,1.812,0.5,0.25
3.9778,4.0016,1,1.816,1.816,0.5,0.25
3.976,4.001,1,1.82,1.82,0.5,0.25
3.9742,4.0005,1,1.824,1.824,0.5,0.25
3.9724,4,1,1.828,1.828,0.5,0.25
3.9706,3.9994,1,1.832,1.832,0.5,0.25
3.9688,3.9989,1,1.836,1.836,0.5,0.25
3.967,3.9983,1,1.84,1.84,0.5,0.25
3.9652,3.9978,1,1.844,1.844,0.5,0.25
3.9607,3.9971,1,1.848,1.848,0.5,0.25
3.9597,3.9969,1,1.852,1.852,0.5,0.25
3.9587,3.9967,1,1.856,1.856,0.5,0.25
3.9576,3.9966,1,1.86,1.86,0.5,0.25
3.9566,3.9964,1,1.864,1.864,0.5,0.25
3.9556,3.9962,1,1.868,1.868,0.5,0.25
3.9545,3.996,1,1.872,1.872,0.5,0.25
3.9535,3.9958,1,1.876,1.876,0.5,0.25
3.9525,3.9957,1,1.88,1.88,0.5,0.25
3.9515,3.9955,1,1.884,1.884,0.5,0.25
3.9504,3.9953,1,1.888,1.888,0.5,0.25
3.9494,3.9951,1,1.892,1.892,0.5,0.25
3.9484,3.9949,1,1.896,1.896,0.5,0.25
3.9473,3.9948,1,1.9,1.9,0.5,0.25
3.9415,3.9956,1,1.904,1.904,0.5,0.25
3.9414,3.9957,1,1.908,1.908,0.5,0.25
3.9414,3.9958,1,1.912,1.912,0.5,0.25
3.9414,3.9959,1,1.916,1.916,0.5,0.25
3.9414,3.996,1,1.92,1.92,0.5,0.25
3.9413,3.9961,1,1.924,1.924,0.5,0.25
3.9413,3.9961,1,1.928,1.928,0.5,0.25
3.9413,3.9962,1,1.932,1.932,0.5,0.25
3.9412,3.9963,1,1.936,1.936,0.5,0.25
3.9412,3.9964,1,1.94,1.94,0.5,0.25
3.9393,4.0004,1,1.944,1.944,0.5,0.25
3.9402,3.9997,1,1.948,1.948,0.5,0.25
3.9412,3.9989,1,1.952,1.952,0.5,0.25
3.9422,3.9982,1,1.956,1.956,0.5,0.25
3.9431,3.9974,1,1.96,1.96,0.5,0.25
3.9441,3.9967,1,1.964,1.964,0.5,0.25
3.945,3.9959,1,1.968,1.968,0.5,0.25
3.946,3.9952,1,1.972,1.972,0.5,0.25
3.947,3.9945,1,1.976,1.976,0.5,0.25
3.9479,3.9937,1,1.98,1.98,0.5,0.25
3.9489,3.993,1,1.984,1.984,0.5,0.25
3.9499,3.9922,1,1.988,1.988,0.5,0.25
3.9508,3.9915,1,1.992,1.992,0.5,0.25
3.9518,3.9907,1,1.996,1.996,0.5,0.25
3.9527,3.99,1,2,2,0.5,0.25
3.9537,3.9892,1,2.004,2.004,0.5,0.25
3.9547,3.9885,1,2.008,2.008,0.5,0.25
3.9556,3.9877,1,2.012,2.012,0.5,0.25
3.9566,3.987,1,2.016,2.016,0.5,0.25
3.9575,3.9862,1,2.02,2.02,0.5,0.25
3.9626,3.978,1,2.024,2.024,0.5,0.25
3.9641,3.9774,1,2.028,2.028,0.5,0.25
3.9656,3.9768,1,2.032,2.032,0.5,0.25
3.9671,3.9762,1,2.036,2.036,0.5,0.25
3.9686,3.9756,1,2.04,2.04,0.5,0.25
3.9701,3.975,1,2.044,2.044,0.5,0.25
3.969,3.9728,1,2.048,2.048,0.5,0.25
3.9735,3.9697,1,2.052,2.052,0.5,0.25
3.978,3.9665,1,2.056,2.056,0.5,0.25
3.9826,3.9634,1,2.06,2.06,0.5,0.25
3.9871,3.9603,1,2.064,2.064,0.5,0.25
3.9916,3.9571,1,2.068,2.068,0.5,0.25
3.9366,3.9982,1,2.072,2.072,0.5,0.25
3.9475,3.99,1,2.076,2.076,0.5,0.25
3.9583,3.9818,1,2.08,2.08,0.5,0.25
3.9692,3.9736,1,2.084,2.084,0.5,0.25
3.9801,3.9654,1,2.088,2.088,0.5,0.25
3.991,3.9572,1,2.092,2.092,0.5,0.25
4.0018,3.949,1,2.096,2.096,0.5,0.25
4.0127,3.9408,1,2.1,2.1,0.5,0.25
4.0236,3.9326,1,2.104,2.104,0.5,0.25
4.0345,3.9243,1,2.108,2.108,0.5,0.25
4.0453,3.9161,1,2.112,2.112,0.5,0.25
4.0562,3.9079,1,2.116,2.116,0.5,0.25
4.0671,3.8997,1,2.12,2.12,0.5,0.25
4.078,3.8915,1,2.124,2.124,0.5,0.25
4.0888,3.8833,1,2.128,2.128,0.5,0.25
4.0997,3.8751,1,2.132,2.132,0.5,0.25
4.1106,3.8669,1,2.136,2.136,0.5,0.25
4.1215,3.8587,1,2.14,2.14,0.5,0.25
4.1323,3.8505,1,2.144,2.144,0.5,0.25
4.1432,3.8423,1,2.148,2.148,0.5,0.25
4.1541,3.8341,1,2.152,2.152,0.5,0.25
4.1401,3.8487,1,2.156,2.156,0.5,0.25
4.1585,3.8322,1,2.16,2.16,0.5,0.25
4.1769,3.8157,1,2.164,2.164,0.5,0.25
4.1953,3.7992,1,2.168,2.168,0.5,0.25
4.2137,3.7828,1,2.172,2.172,0.5,0.25
4.2321,3.7663,1,2.176,2.176,0.5,0.25
4.2505,3.7498,1,2.18,2.18,0.5,0.25
4.2689,3.7333,1,2.184,2.184,0.5,0.25
4.2873,3.7168,1,2.188,2.188,0.5,0.25
4.3058,3.7003,1,2.192,2.192,0.5,0.25
4.2426,3.7601,1,2.196,2.196,0.5,0.25
4.2818,3.722,1,2.2,2.2,0.5,0.25
4.321,3.6839,1,2.204,2.204,0.5,0.25
4.3602,3.6458,1,2.208,2.208,0.5,0.25
4.3994,3.6077,1,2.212,2.212,0.5,0.25
4.4386,3.5696,1,2.216,2.216,0.5,0.25
4.4778,3.5315,1,2.22,2.22,0.5,0.25
4.517,3.4934,1,2.224,2.224,0.5,0.25
4.5562,3.4553,1,2.228,2.228,0.5,0.25
4.5954,3.4172,1,2.232,2.232,0.5,0.25
4.6346,3.3791,1,2.236,2.236,0.5,0.25
4.6738,3.341,1,2.24,2.24,0.5,0.25
4.713,3.3029,1,2.244,2.244,0.5,0.25
4.7522,3.2648,1,2.248,2.248,0.5,0.25
4.7914,3.2266,1,2.252,2.252,0.5,0.25
4.8306,3.1885,1,2.256,2.256,0.5,0.25
4.8698,3.1504,1,2.26,2.26,0.5,0.25
4.8606,3.1522,1,2.264,2.264,0.5,0.25
4.9281,3.0846,1,2.268,2.268,0.5,0.25
4.9956,3.0169,1,2.272,2.272,0.5,0.25
5.063,2.9493,1,2.276,2.276,0.5,0.25
5.0336,2.9754,1,2.28,2.28,0.5,0.25
5.1172,2.8913,1,2.284,2.284,0.5,0.25
5.2007,2.8072,1,2.288,2.288,0.5,0.25
5.2843,2.723,1,2.292,2.292,0.5,0.25
5.3679,2.6389,1,2.296,2.296,0.5,0.25
5.4514,2.5548,1,2.3,2.3,0.5,0.25
5.535,2.4707,1,2.304,2.304,0.5,0.25
5.6185,2.3865,1,2.308,2.308,0.5,0.25
5.7021,2.3024,1,2.312,2.312,0.5,0.25
5.7856,2.2183,1,2.316,2.316,0.5,0.25
5.8692,2.1342,1,2.32,2.32,0.5,0.25
5.9528,2.05,1,2.324,2.324,0.5,0.25
6.0363,1.9659,1,2.328,2.328,0.5,0.25
6.1199,1.8818,1,2.332,2.332,0.5,0.25
6.2034,1.7977,1,2.336,2.336,0.5,0.25
6.2736,1.726,1,2.34,2.34,0.5,0.25
6.3806,1.619,1,2.344,2.344,0.5,0.25
6.4875,1.512,1,2.348,2.348,0.5,0.25
6.5944,1.4051,1,2.352,2.352,0.5,0.25
6.7014,1.2982,1,2.356,2.356,0.5,0.25
6.8083,1.1912,1,2.36,2.36,0.5,0.25
6.9152,1.0843,1,2.364,2.364,0.5,0.25
7.021,0.97814,1,2.368,2.368,0.5,0.25
7.1325,0.86667,1,2.372,2.372,0.5,0.25
7.244,0.75519,1,2.376,2.376,0.5,0.25
7.3555,0.64371,1,2.38,2.38,0.5,0.25
7.467,0.53223,1,2.384,2.384,0.5,0.25
7.6069,0.39259,1,2.388,2.388,0.5,0.25
7.7209,0.27871,1,2.392,2.392,0.5,0.25
7.8348,0.16483,1,2.396,2.396,0.5,0.25
7.9487,0.050932,1,2.4,2.4,0.5,0.25
8.0627,-0.062946,1,2.404,2.404,0.5,0.25
8.1766,-0.17682,1,2.408,2.408,0.5,0.25
8.2905,-0.2907,1,2.412,2.412,0.5,0.25
8.4044,-0.40458,1,2.416,2.416,0.5,0.25
8.5183,-0.51845,1,2.42,2.42,0.5,0.25
8.6323,-0.63235,1,2.424,2.424,0.5,0.25
8.7462,-0.74623,1,2.428,2.428,0.5,0.25
8.9437,-0.94365,1,2.432,2.432,0.5,0.25
9.0433,-1.0432,1,2.436,2.436,0.5,0.25
9.1429,-1.1428,1,2.44,2.44,0.5,0.25
9.2425,-1.2424,1,2.444,2.444,0.5,0.25
9.342,-1.342,1,2.448,2.448,0.5,0.25
9.4416,-1.4415,1,2.452,2.452,0.5,0.25
9.5412,-1.5411,1,2.456,2.456,0.5,0.25
9.6408,-1.6407,1,2.46,2.46,0.5,0.25
9.7403,-1.7403,1,2.464,2.464,0.5,0.25
9.8399,-1.8399,1,2.468,2.468,0.5,0.25
9.9395,-1.9394,1,2.472,2.472,0.5,0.25
10.039,-2.039,1,2.476,2.476,0.5,0.25
10.139,-2.1386,1,2.48,2.48,0.5,0.25
10.238,-2.2382,1,2.484,2.484,0.5,0.25
10.338,-2.3378,1,2.488,2.488,0.5,0.25
10.437,-2.4373,1,2.492,2.492,0.5,0.25
10.491,-2.4914,1,2.496,2.496,0.5,0.25
10.576,-2.5759,1,2.5,2.5,0.5,0.25
10.66,-2.6604,1,2.504,2.504,0.5,0.25
10.804,-2.8039,1,2.508,2.508,0.5,0.25
10.857,-2.857,1,2.512,2.512,0.5,0.25
10.91,-2.9101,1,2.516,2.516,0.5,0.25
10.963,-2.9631,1,2.52,2.52,0.5,0.25
11.016,-3.0162,1,2.524,2.524,0.5,0.25
11.069,-3.0693,1,2.528,2.528,0.5,0.25
11.122,-3.1224,1,2.532,2.532,0.5,0.25
11.175,-3.1755,1,2.536,2.536,0.5,0.25
11.229,-3.2285,1,2.54,2.54,0.5,0.25
11.307,-3.3071,1,2.544,2.544,0.5,0.25
11.344,-3.3443,1,2.548,2.548,0.5,0.25
11.381,-3.3815,1,2.552,2.552,0.5,0.25
11.419,-3.4187,1,2.556,2.556,0.5,0.25
11.456,-3.4559,1,2.56,2.56,0.5,0.25
11.493,-3.4931,1,2.564,2.564,0.5,0.25
11.53,-3.5303,1,2.568,2.568,0.5,0.25
11.568,-3.5675,1,2.572,2.572,0.5,0.25
11.605,-3.6048,1,2.576,2.576,0.5,0.25
11.642,-3.642,1,2.58,2.58,0.5,0.25
11.705,-3.7047,1,2.584,2.584,0.5,0.25
11.72,-3.7204,1,2.588,2.588,0.5,0.25
11.736,-3.736,1,2.592,2.592,0.5,0.25
11.752,-3.7516,1,2.596,2.596,0.5,0.25
11.767,-3.7672,1,2.6,2.6,0.5,0.25
11.783,-3.7828,1,2.604,2.604,0.5,0.25
11.798,-3.7984,1,2.608,2.608,0.5,0.25
11.814,-3.814,1,2.612,2.612,0.5,0.25
11.856,-3.8555,1,2.616,2.616,0.5,0.25
11.86,-3.8601,1,2.62,2.62,0.5,0.25
11.865,-3.8647,1,2.624,2.624,0.5,0.25
11.869,-3.8693,1,2.628,2.628,0.5,0.25
11.874,-3.8739,1,2.632,2.632,0.5,0.25
11.879,-3.8785,1,2.636,2.636,0.5,0.25
11.883,-3.8831,1,2.64,2.64,0.5,0.25
11.888,-3.8877,1,2.644,2.644,0.5,0.25
11.899,-3.8987,1,2.648,2.648,0.5,0.25
11.903,-3.9032,1,2.652,2.652,0.5,0.25
11.908,-3.9077,1,2.656,2.656,0.5,0.25
11.912,-3.9121,1,2.66,2.66,0.5,0.25
11.917,-3.9166,1,2.664,2.664,0.5,0.25
11.921,-3.921,1,2.668,2.668,0.5,0.25
11.925,-3.9255,1,2.672,2.672,0.5,0.25
11.93,-3.93,1,2.676,2.676,0.5,0.25
11.934,-3.9344,1,2.68,2.68,0.5,0.25
11.939,-3.9389,1,2.684,2.684,0.5,0.25
11.943,-3.9433,1,2.688,2.688,0.5,0.25
11.948,-3.9478,1,2.692,2.692,0.5,0.25
11.952,-3.9523,1,2.696,2.696,0.5,0.25
11.957,-3.9567,1,2.7,2.7,0.5,0.25
11.961,-3.9612,1,2.704,2.704,0.5,0.25
11.966,-3.9656,1,2.708,2.708,0.5,0.25
11.97,-3.9701,1,2.712,2.712,0.5,0.25
11.975,-3.9746,1,2.716,2.716,0.5,0.25
11.979,-3.979,1,2.72,2.72,0.5,0.25
11.983,-3.9835,1,2.724,2.724,0.5,0.25
11.988,-3.9879,1,2.728,2.728,0.5,0.25
11.992,-3.9924,1,2.732,2.732,0.5,0.25
11.997,-3.9969,1,2.736,2.736,0.5,0.25
11.987,-3.9867,1,2.74,2.74,0.5,0.25
11.988,-3.9883,1,2.744,2.744,0.5,0.25
11.99,-3.99,1,2.748,2.748,0.5,0.25
11.993,-3.9931,1,2.752,2.752,0.5,0.25
11.994,-3.9936,1,2.756,2.756,0.5,0.25
11.994,-3.994,1,2.76,2.76,0.5,0.25
11.995,-3.9945,1,2.764,2.764,0.5,0.25
11.995,-3.995,1,2.768,2.768,0.5,0.25
11.995,-3.9955,1,2.772,2.772,0.5,0.25
11.996,-3.9959,1,2.776,2.776,0.5,0.25
11.997,-3.9968,1,2.78,2.78,0.5,0.25
11.997,-3.9972,1,2.784,2.784,0.5,0.25
11.998,-3.9976,1,2.788,2.788,0.5,0.25
11.998,-3.9981,1,2.792,2.792,0.5,0.25
11.999,-3.9985,1,2.796,2.796,0.5,0.25
11.999,-3.999,1,2.8,2.8,0.5,0.25
11.999,-3.9994,1,2.804,2.804,0.5,0.25
12,-3.9999,1,2.808,2.808,0.5,0.25
12,-4,1,2.812,2.812,0.5,0.25
12.001,-4.0011,1,2.816,2.816,0.5,0.25
12.001,-4.0011,1,2.82,2.82,0.5,0.25
12.001,-4.0012,1,2.824,2.824,0.5,0.25
12.001,-4.0013,1,2.828,2.828,0.5,0.25
12.001,-4.0013,1,2.832,2.832,0.5,0.25
12.001,-4.0014,1,2.836,2.836,0.5,0.25
12.002,-4.0017,1,2.84,2.84,0.5,0.25
12.002,-4.0018,1,2.844,2.844,0.5,0.25
12.002,-4.0018,1,2.848,2.848,0.5,0.25
12.002,-4.0019,1,2.852,2.852,0.5,0.25
12.002,-4.002,1,2.856,2.856,0.5,0.25
12.002,-4.002,1,2.86,2.86,0.5,0.25
12.002,-4.0021,1,2.864,2.864,0.5,0.25
12.002,-4.0021,1,2.868,2.868,0.5,0.25
12.002,-4.0022,1,2.872,2.872,0.5,0.25
12.002,-4.0022,1,2.876,2.876,0.5,0.25
12.002,-4.0023,1,2.88,2.88,0.5,0.25
12.002,-4.0024,1,2.884,2.884,0.5,0.25
12.002,-4.0024,1,2.888,2.888,0.5,0.25
12.002,-4.0025,1,2.892,2.892,0.5,0.25
12.003,-4.0026,1,2.896,2.896,0.5,0.25
12.002,-4.0025,1,2.9,2.9,0.5,0.25
12.002,-4.0025,1,2.904,2.904,0.5,0.25
12.002,-4.0024,1,2.908,2.908,0.5,0.25
12.002,-4.0024,1,2.912,2.912,0.5,0.25
12.002,-4.0023,1,2.916,2.916,0.5,0.25
12.002,-4.0022,1,2.92,2.92,0.5,0.25
12.002,-4.0021,1,2.924,2.924,0.5,0.25
12.002,-4.002,1,2.928,2.928,0.5,0.25
12.002,-4.002,1,2.932,2.932,0.5,0.25
12.002,-4.0019,1,2.936,2.936,0.5,0.25
12.002,-4.0018,1,2.94,2.94,0.5,0.25
12.002,-4.0018,1,2.944,2.944,0.5,0.25
12.002,-4.0017,1,2.948,2.948,0.5,0.25
12.002,-4.0016,1,2.952,2.952,0.5,0.25
12.002,-4.0016,1,2.956,2.956,0.5,0.25
12.002,-4.0015,1,2.96,2.96,0.5,0.25
12.001,-4.0014,1,2.964,2.964,0.5,0.25
12.001,-4.0014,1,2.968,2.968,0.5,0.25
12.001,-4.0013,1,2.972,2.972,0.5,0.25
12.001,-4.0012,1,2.976,2.976,0.5,0.25
12.001,-4.0012,1,2.98,2.98,0.5,0.25
12.001,-4.0011,1,2.984,2.984,0.5,0.25
12.001,-4.001,1,2.988,2.988,0.5,0.25
12.001,-4.001,1,2.992,2.992,0.5,0.25
12.001,-4.001,1,2.996,2.996,0.5,0.25
12.001,-4.0009,1,3,3,0.5,0.25
12.001,-4.0008,1,3.004,3.004,0.5,0.25
12.001,-4.0007,1,3.008,3.008,0.5,0.25
12,-4.0005,1,3.012,3.012,0.5,0.25
12,-4.0005,1,3.016,3.016,0.5,0.25
12,-4.0004,1,3.02,3.02,0.5,0.25
12,-4.0004,1,3.024,3.024,0.5,0.25
12,-4.0004,1,3.028,3.028,0.5,0.25
12,-4.0003,1,3.032,3.032,0.5,0.25
12,-4.0003,1,3.036,3.036,0.5,0.25
12,-4.0003,1,3.04,3.04,0.5,0.25
12,-4.0002,1,3.044,3.044,0.5,0.25
12,-4.0002,1,3.048,3.048,0.5,0.25
12,-4.0002,1,3.052,3.052,0.5,0.25
12,-4.0001,1,3.056,3.056,0.5,0.25
12,-4.0001,1,3.06,3.06,0.5,0.25
12,-4.0001,1,3.064,3.064,0.5,0.25
12,-4,1,3.068,3.068,0.5,0.25
12,-4,1,3.072,3.072,0.5,0.25
12,-4,1,3.076,3.076,0.5,0.25
12,-4,1,3.08,3.08,0.5,0.25
12,-3.9999,1,3.084,3.084,0.5,0.25
12,-3.9999,1,3.088,3.088,0.5,0.25
12,-3.9999,1,3.092,3.092,0.5,0.25
12,-3.9999,1,3.096,3.096,0.5,0.25
12,-3.9999,1,3.1,3.1,0.5,0.25
12,-3.9999,1,3.104,3.104,0.5,0.25
12,-3.9999,1,3.108,3.108,0.5,0.25
12,-3.9999,1,3.112,3.112,0.5,0.25
12,-3.9999,1,3.116,3.116,0.5,0.25
12,-3.9999,1,3.12,3.12,0.5,0.25
12,-3.9999,1,3.124,3.124,0.5,0.25
12,-3.9998,1,3.128,3.128,0.5,0.25
12,-3.9998,1,3.132,3.132,0.5,0.25
12,-3.9998,1,3.136,3.136,0.5,0.25
12,-3.9998,1,3.14,3.14,0.5,0.25
12,-3.9998,1,3.144,3.144,0.5,0.25
12,-3.9998,1,3.148,3.148,0.5,0.25
12,-3.9998,1,3.152,3.152,0.5,0.25
12,-3.9998,1,3.156,3.156,0.5,0.25
12,-3.9998,1,3.16,3.16,0.5,0.25
12,-3.9998,1,3.164,3.164,0.5,0.25
12,-3.9998,1,3.168,3.168,0.5,0.25
12,-3.9998,1,3.172,3.172,0.5,0.25
12,-3.9998,1,3.176,3.176,0.5,0.25
12,-3.9999,1,3.18,3.18,0.5,0.25
12,-3.9999,1,3.184,3.184,0.5,0.25
12,-3.9999,1,3.188,3.188,0.5,0.25
12,-3.9999,1,3.192,3.192,0.5,0.25
12,-3.9999,1,3.196,3.196,0.5,0.25
12,-3.9999,1,3.2,3.2,0.5,0.25
12,-3.9999,1,3.204,3.204,0.5,0.25
12,-3.9999,1,3.208,3.208,0.5,0.25
12,-3.9999,1,3.212,3.212,0.5,0.25
12,-3.9999,1,3.216,3.216,0.5,0.25
12,-3.9999,1,3.22,3.22,0.5,0.25
12,-3.9999,1,3.224,3.224,0.5,0.25
12,-3.9999,1,3.228,3.228,0.5,0.25
12,-3.9999,1,3.232,3.232,0.5,0.25
12,-4,1,3.236,3.236,0.5,0.25
12,-4,1,3.24,3.24,0.5,0.25
12,-4,1,3.244,3.244,0.5,0.25
12,-4,1,3.248,3.248,0.5,0.25
12,-4,1,3.252,3.252,0.5,0.25
12,-4,1,3.256,3.256,0.5,0.25
12,-4,1,3.26,3.26,0.5,0.25
12,-4,1,3.264,3.264,0.5,0.25
12,-4,1,3.268,3.268,0.5,0.25
12,-4,1,3.272,3.272,0.5,0.25
12,-4,1,3.276,3.276,0.5,0.25
12,-4,1,3.28,3.28,0.5,0.25
12,-4,1,3.284,3.284,0.5,0.25
12,-4,1,3.288,3.288,0.5,0.25
12,-4,1,3.292,3.292,0.5,0.25
12,-4,1,3.296,3.296,0.5,0.25
12,-4,1,3.3,3.3,0.5,0.25
12,-4,1,3.304,3.304,0.5,0.25
12,-4,1,3.308,3.308,0.5,0.25
12,-4,1,3.312,3.312,0.5,0.25
12,-4,1,3.316,3.316,0.5,0.25
12,-4,1,3.32,3.32,0.5,0.25
12,-4,1,3.324,3.324,0.5,0.25
12,-4,1,3.328,3.328,0.5,0.25
12,-4,1,3.332,3.332,0.5,0.25
12,-4,1,3.336,3.336,0.5,0.25
12,-4,1,3.34,3.34,0.5,0.25
12,-4,1,3.344,3.344,0.5,0.25
12,-4,1,3.348,3.348,0.5,0.25
12,-4,1,3.352,3.352,0.5,0.25
12,-4,1,3.356,3.356,0.5,0.25
12,-4,1,3.36,3.36,0.5,0.25
12,-4,1,3.364,3.364,0.5,0.25
12,-4,1,3.368,3.368,0.5,0.25
12,-4,1,3.372,3.372,0.5,0.25
12,-4,1,3.376,3.376,0.5,0.25
12,-4,1,3.38,3.38,0.5,0.25
12,-4,1,3.384,3.384,0.5,0.25
12,-4,1,3.388,3.388,0.5,0.25
12,-4,1,3.392,3.392,0.5,0.25
12,-4,1,3.396,3.396,0.5,0.25
12,-4,1,3.4,3.4,0.5,0.25
12,-4,1,3.404,3.404,0.5,0.25
12,-4,1,3.408,3.408,0.5,0.25
12,-4,1,3.412,3.412,0.5,0.25
12,-4,1,3.416,3.416,0.5,0.25
12,-4,1,3.42,3.42,0.5,0.25
12,-4,1,3.424,3.424,0.5,0.25
12,-4,1,3.428,3.428,0.5,0.25
12,-4,1,3.432,3.432,0.5,0.25
12,-4,1,3.436,3.436,0.5,0.25
12,-4,1,3.44,3.44,0.5,0.25
12,-4,1,3.444,3.444,0.5,0.25
12,-4,1,3.448,3.448,0.5,0.25
12,-4,1,3.452,3.452,0.5,0.25
12,-4,1,3.456,3.456,0.5,0.25
12,-4,1,3.46,3.46,0.5,0.25
12,-4,1,3.464,3.464,0.5,0.25
12,-4,1,3.468,3.468,0.5,0.25
12,-4,1,3.472,3.472,0.5,0.25
12,-4,1,3.476,3.476,0.5,0.25
12,-4,1,3.48,3.48,0.5,0.25
12,-4,1,3.484,3.484,0.5,0.25
12,-4,1,3.488,3.488,0.5,0.25
12,-4,1,3.492,3.492,0.5,0.25
12,-4,1,3.496,3.496,0.5,0.25
12,-4,1,3.5,3.5,0.5,0.25
12,-4,1,3.504,3.504,0.5,0.25
12,-4,1,3.508,3.508,0.5,0.25
12,-4,1,3.512,3.512,0.5,0.25
12,-4,1,3.516,3.516,0.5,0.25
12,-4,1,3.52,3.52,0.5,0.25
12,-4,1,3.524,3.524,0.5,0.25
12,-4,1,3.528,3.528,0.5,0.25
12,-4,1,3.532,3.532,0.5,0.25
12,-4,1,3.536,3.536,0.5,0.25
12,-4,1,3.54,3.54,0.5,0.25
12,-4,1,3.544,3.544,0.5,0.25
12,-4,1,3.548,3.548,0.5,0.25
12,-4,1,3.552,3.552,0.5,0.25
12,-4,1,3.556,3.556,0.5,0.25
12,-4,1,3.56,3.56,0.5,0.25
12,-4,1,3.564,3.564,0.5,0.25
12,-4,1,3.568,3.568,0.5,0.25
12,-4,1,3.572,3.572,0.5,0.25
12,-4,1,3.576,3.576,0.5,0.25
12,-4,1,3.58,3.58,0.5,0.25
12,-4,1,3.584,3.584,0.5,0.25
12,-4,1,3.588,3.588,0.5,0.25
12,-4,1,3.592,3.592,0.5,0.25
12,-4,1,3.596,3.596,0.5,0.25
12,-4,1,3.6,3.6,0.5,0.25
12,-4,1,3.604,3.604,0.5,0.25
12,-4,1,3.608,3.608,0.5,0.25
12,-4,1,3.612,3.612,0.5,0.25
12,-4,1,3.616,3.616,0.5,0.25
12,-4,1,3.62,3.62,0.5,0.25
12,-4,1,3.624,3.624,0.5,0.25
12,-4,1,3.628,3.628,0.5,0.25
12,-4,1,3.632,3.632,0.5,0.25
12,-4,1,3.636,3.636,0.5,0.25
12,-4,1,3.64,3.64,0.5,0.25
12,-4,1,3.644,3.644,0.5,0.25
12,-4,1,3.648,3.648,0.5,0.25
12,-4,1,3.652,3.652,0.5,0.25
12,-4,1,3.656,3.656,0.5,0.25
12,-4,1,3.66,3.66,0.5,0.25
12,-4,1,3.664,3.664,0.5,0.25
12,-4,1,3.668,3.668,0.5,0.25
12,-4,1,3.672,3.672,0.5,0.25
12,-4,1,3.676,3.676,0.5,0.25
12,-4,1,3.68,3.68,0.5,0.25
12,-4,1,3.684,3.684,0.5,0.25
12,-4,1,3.688,3.688,0.5,0.25
12,-4,1,3.692,3.692,0.5,0.25
12,-4,1,3.696,3.696,0.5,0.25
12,-4,1,3.7,3.7,0.5,0.25
12,-4,1,3.704,3.704,0.5,0.25
12,-4,1,3.708,3.708,0.5,0.25
12,-4,1,3.712,3.712,0.5,0.25
12,-4,1,3.716,3.716,0.5,0.25
12,-4,1,3.72,3.72,0.5,0.25
12,-4,1,3.724,3.724,0.5,0.25
12,-4,1,3.728,3.728,0.5,0.25
12,-4,1,3.732,3.732,0.5,0.25
12,-4,1,3.736,3.736,0.5,0.25
12,-4,1,3.74,3.74,0.5,0.25
12,-4,1,3.744,3.744,0.5,0.25
12,-4,1,3.748,3.748,0.5,0.25
12,-4,1,3.752,3.752,0.5,0.25
12,-4,1,3.756,3.756,0.5,0.25
12,-4,1,3.76,3.76,0.5,0.25
12,-4,1,3.764,3.764,0.5,0.25
12,-4,1,3.768,3.768,0.5,0.25
12,-4,1,3.772,3.772,0.5,0.25
12,-4,1,3.776,3.776,0.5,0.25
12,-4,1,3.78,3.78,0.5,0.25
12,-4,1,3.784,3.784,0.5,0.25
12,-4,1,3.788,3.788,0.5,0.25
12,-4,1,3.792,3.792,0.5,0.25
12,-4,1,3.796,3.796,0.5,0.25
12,-4,1,3.8,3.8,0.5,0.25
12,-4,1,3.804,3.804,0.5,0.25
12,-4,1,3.808,3.808,0.5,0.25
12,-4,1,3.812,3.812,0.5,0.25
12,-4,1,3.816,3.816,0.5,0.25
12,-4,1,3.82,3.82,0.5,0.25
12,-4,1,3.824,3.824,0.5,0.25
12,-4,1,3.828,3.828,0.5,0.25
12,-4,1,3.832,3.832,0.5,0.25
12,-4,1,3.836,3.836,0.5,0.25
12,-4,1,3.84,3.84,0.5,0.25
12,-4,1,3.844,3.844,0.5,0.25
12,-4,1,3.848,3.848,0.5,0.25
12,-4,1,3.852,3.852,0.5,0.25
12,-4,1,3.856,3.856,0.5,0.25
12,-4,1,3.86,3.86,0.5,0.25
12,-4,1,3.864,3.864,0.5,0.25
12,-4,1,3.868,3.868,0.5,0.25
12,-4,1,3.872,3.872,0.5,0.25
12,-4,1,3.876,3.876,0.5,0.25
12,-4,1,3.88,3.88,0.5,0.25
12,-4,1,3.884,3.884,0.5,0.25
12,-4,1,3.888,3.888,0.5,0.25
12,-4,1,3.892,3.892,0.5,0.25
12,-4,1,3.896,3.896,0.5,0.25
12,-4,1,3.9,3.9,0.5,0.25
12,-4,1,3.904,3.904,0.5,0.25
12,-4,1,3.908,3.908,0.5,0.25
12,-4,1,3.912,3.912,0.5,0.25
12,-4,1,3.916,3.916,0.5,0.25
12,-4,1,3.92,3.92,0.5,0.25
12,-4,1,3.924,3.924,0.5,0.25
12,-4,1,3.928,3.928,0.5,0.25
12,-4,1,3.932,3.932,0.5,0.25
12,-4,1,3.936,3.936,0.5,0.25
12,-4,1,3.94,3.94,0.5,0.25
12,-4,1,3.944,3.944,0.5,0.25
12,-4,1,3.948,3.948,0.5,0.25
12,-4,1,3.952,3.952,0.5,0.25
12,-4,1,3.956,3.956,0.5,0.25
12,-4,1,3.96,3.96,0.5,0.25
12,-4,1,3.964,3.964,0.5,0.25
12,-4,1,3.968,3.968,0.5,0.25
12,-4,1,3.972,3.972,0.5,0.25
12,-4,1,3.976,3.976,0.5,0.25
12,-4,1,3.98,3.98,0.5,0.25
12,-4,1,3.984,3.984,0.5,0.25
12,-4,1,3.988,3.988,0.5,0.25
12,-4,1,3.992,3.992,0.5,0.25
12,-4,1,3.996,3.996,0.5,0.25
12,-4,1,4,4,0.5,0.25
