"U","vtkValidPointMask","arc_length","Points:0","Points:1","Points:2"
-10,1,0,0,0.5,0.25
-10,1,0.004,0.004,0.5,0.25
-10,1,0.008,0.008,0.5,0.25
-10,1,0.012,0.012,0.5,0.25
-10,1,0.016,0.016,0.5,0.25
-10,1,0.02,0.02,0.5,0.25
-10,1,0.024,0.024,0.5,0.25
-10,1,0.028,0.028,0.5,0.25
-10,1,0.032,0.032,0.5,0.25
-10,1,0.036,0.036,0.5,0.25
-10,1,0.04,0.04,0.5,0.25
-10,1,0.044,0.044,0.5,0.25
-10,1,0.048,0.048,0.5,0.25
-10,1,0.052,0.052,0.5,0.25
-10,1,0.056,0.056,0.5,0.25
-10,1,0.06,0.06,0.5,0.25
-10,1,0.064,0.064,0.5,0.25
-10,1,0.068,0.068,0.5,0.25
-10,1,0.072,0.072,0.5,0.25
-10,1,0.076,0.076,0.5,0.25
-10,1,0.08,0.08,0.5,0.25
-10,1,0.084,0.084,0.5,0.25
-10,1,0.088,0.088,0.5,0.25
-10,1,0.092,0.092,0.5,0.25
-10,1,0.096,0.096,0.5,0.25
-10,1,0.1,0.1,0.5,0.25
-10,1,0.104,0.104,0.5,0.25
-10,1,0.108,0.108,0.5,0.25
-10,1,0.112,0.112,0.5,0.25
-10,1,0.116,0.116,0.5,0.25
-10,1,0.12,0.12,0.5,0.25
-10,1,0.124,0.124,0.5,0.25
-10,1,0.128,0.128,0.5,0.25
-10,1,0.132,0.132,0.5,0.25
-10,1,0.136,0.136,0.5,0.25
-10,1,0.14,0.14,0.5,0.25
-10,1,0.144,0.144,0.5,0.25
-10,1,0.148,0.148,0.5,0.25
-10,1,0.152,0.152,0.5,0.25
-10,1,0.156,0.156,0.5,0.25
-10,1,0.16,0.16,0.5,0.25
-10,1,0.164,0.164,0.5,0.25
-10,1,0.168,0.168,0.5,0.25
-10,1,0.172,0.172,0.5,0.25
-10,1,0.176,0.176,0.5,0.25
-10,1,0.18,0.18,0.5,0.25
-10,1,0.184,0.184,0.5,0.25
-10,1,0.188,0.188,0.5,0.25
-10,1,0.192,0.192,0.5,0.25
-10,1,0.196,0.196,0.5,0.25
-10,1,0.2,0.2,0.5,0.25
-10,1,0.204,0.204,0.5,0.25
-10,1,0.208,0.208,0.5,0.25
-10,1,0.212,0.212,0.5,0.25
-10,1,0.216,0.216,0.5,0.25
-10,1,0.22,0.22,0.5,0.25
-10,1,0.224,0.224,0.5,0.25
-10,1,0.228,0.228,0.5,0.25
-10,1,0.232,0.232,0.5,0.25
-10,1,0.236,0.236,0.5,0.25
-10,1,0.24,0.24,0.5,0.25
-10,1,0.244,0.244,0.5,0.25
-10,1,0.248,0.248,0.5,0.25
-10,1,0.252,0.252,0.5,0.25
-10,1,0.256,0.256,0.5,0.25
-10,1,0.26,0.26,0.5,0.25
-10,1,0.264,0.264,0.5,0.25
-10,1,0.268,0.268,0.5,0.25
-10,1,0.272,0.272,0.5,0.25
-10,1,0.276,0.276,0.5,0.25
-10,1,0.28,0.28,0.5,0.25
-10,1,0.284,0.284,0.5,0.25
-10,1,0.288,0.288,0.5,0.25
-10,1,0.292,0.292,0.5,0.25
-10,1,0.296,0.296,0.5,0.25
-10,1,0.3,0.3,0.5,0.25
-10,1,0.304,0.304,0.5,0.25
-10,1,0.308,0.308,0.5,0.25
-10,1,0.312,0.312,0.5,0.25
-10,1,0.316,0.316,0.5,0.25
-10,1,0.32,0.32,0.5,0.25
-10,1,0.324,0.324,0.5,0.25
-10,1,0.328,0.328,0.5,0.25
-10,1,0.332,0.332,0.5,0.25
-10,1,0.336,0.336,0.5,0.25
-10,1,0.34,0.34,0.5,0.25
-10,1,0.344,0.344,0.5,0.25
-10,1,0.348,0.348,0.5,0.25
-10,1,0.352,0.352,0.5,0.25
-10,1,0.356,0.356,0.5,0.25
-10,1,0.36,0.36,0.5,0.25
-10,1,0.364,0.364,0.5,0.25
-10,1,0.368,0.368,0.5,0.25
-10,1,0.372,0.372,0.5,0.25
-10,1,0.376,0.376,0.5,0.25
-10,1,0.38,0.38,0.5,0.25
-10,1,0.384,0.384,0.5,0.25
-10,1,0.388,0.388,0.5,0.25
-10,1,0.392,0.392,0.5,0.25
-10,1,0.396,0.396,0.5,0.25
-10,1,0.4,0.4,0.5,0.25
-10,1,0.404,0.404,0.5,0.25
-10,1,0.408,0.408,0.5,0.25
-10,1,0.412,0.412,0.5,0.25
-10,1,0.416,0.416,0.5,0.25
-10,1,0.42,0.42,0.5,0.25
-10,1,0.424,0.424,0.5,0.25
-10,1,0.428,0.428,0.5,0.25
-10,1,0.432,0.432,0.5,0.25
-10,1,0.436,0.436,0.5,0.25
-10,1,0.44,0.44,0.5,0.25
-10,1,0.444,0.444,0.5,0.25
-10,1,0.448,0.448,0.5,0.25
-10,1,0.452,0.452,0.5,0.25
-10,1,0.456,0.456,0.5,0.25
-10,1,0.46,0.46,0.5,0.25
-10,1,0.464,0.464,0.5,0.25
-10,1,0.468,0.468,0.5,0.25
-10,1,0.472,0.472,0.5,0.25
-10,1,0.476,0.476,0.5,0.25
-10,1,0.48,0.48,0.5,0.25
-10,1,0.484,0.484,0.5,0.25
-10,1,0.488,0.488,0.5,0.25
-10,1,0.492,0.492,0.5,0.25
-10,1,0.496,0.496,0.5,0.25
-10,1,0.5,0.5,0.5,0.25
-10,1,0.504,0.504,0.5,0.25
-10,1,0.508,0.508,0.5,0.25
-10,1,0.512,0.512,0.5,0.25
-10,1,0.516,0.516,0.5,0.25
-10,1,0.52,0.52,0.5,0.25
-10,1,0.524,0.524,0.5,0.25
-10,1,0.528,0.528,0.5,0.25
-10,1,0.532,0.532,0.5,0.25
-10,1,0.536,0.536,0.5,0.25
-10,1,0.54,0.54,0.5,0.25
-10,1,0.544,0.544,0.5,0.25
-10,1,0.548,0.548,0.5,0.25
-10,1,0.552,0.552,0.5,0.25
-10,1,0.556,0.556,0.5,0.25
-10,1,0.56,0.56,0.5,0.25
-10,1,0.564,0.564,0.5,0.25
-10,1,0.568,0.568,0.5,0.25
-10,1,0.572,0.572,0.5,0.25
-10,1,0.576,0.576,0.5,0.25
-10,1,0.58,0.58,0.5,0.25
-10,1,0.584,0.584,0.5,0.25
-10,1,0.588,0.588,0.5,0.25
-10,1,0.592,0.592,0.5,0.25
-10,1,0.596,0.596,0.5,0.25
-10,1,0.6,0.6,0.5,0.25
-10,1,0.604,0.604,0.5,0.25
-10,1,0.608,0.608,0.5,0.25
-10,1,0.612,0.612,0.5,0.25
-10,1,0.616,0.616,0.5,0.25
-10,1,0.62,0.62,0.5,0.25
-10,1,0.624,0.624,0.5,0.25
-10,1,0.628,0.628,0.5,0.25
-10,1,0.632,0.632,0.5,0.25
-10,1,0.636,0.636,0.5,0.25
-10,1,0.64,0.64,0.5,0.25
-10,1,0.644,0.644,0.5,0.25
-10,1,0.648,0.648,0.5,0.25
-10,1,0.652,0.652,0.5,0.25
-10,1,0.656,0.656,0.5,0.25
-10,1,0.66,0.66,0.5,0.25
-10,1,0.664,0.664,0.5,0.25
-10,1,0.668,0.668,0.5,0.25
-10,1,0.672,0.672,0.5,0.25
-10,1,0.676,0.676,0.5,0.25
-10,1,0.68,0.68,0.5,0.25
-10,1,0.684,0.684,0.5,0.25
-10,1,0.688,0.688,0.5,0.25
-10,1,0.692,0.692,0.5,0.25
-10,1,0.696,0.696,0.5,0.25
-10,1,0.7,0.7,0.5,0.25
-10,1,0.704,0.704,0.5,0.25
-10,1,0.708,0.708,0.5,0.25
-10,1,0.712,0.712,0.5,0.25
-10,1,0.716,0.716,0.5,0.25
-10,1,0.72,0.72,0.5,0.25
-10,1,0.724,0.724,0.5,0.25
-10,1,0.728,0.728,0.5,0.25
-10,1,0.732,0.732,0.5,0.25
-10,1,0.736,0.736,0.5,0.25
-10,1,0.74,0.74,0.5,0.25
-10,1,0.744,0.744,0.5,0.25
-10,1,0.748,0.748,0.5,0.25
-10,1,0.752,0.752,0.5,0.25
-10,1,0.756,0.756,0.5,0.25
-10,1,0.76,0.76,0.5,0.25
-10,1,0.764,0.764,0.5,0.25
-10,1,0.768,0.768,0.5,0.25
-10,1,0.772,0.772,0.5,0.25
-10,1,0.776,0.776,0.5,0.25
-10,1,0.78,0.78,0.5,0.25
-10,1,0.784,0.784,0.5,0.25
-10,1,0.788,0.788,0.5,0.25
-10,1,0.792,0.792,0.5,0.25
-10,1,0.796,0.796,0.5,0.25
-10,1,0.8,0.8,0.5,0.25
-10,1,0.804,0.804,0.5,0.25
-10,1,0.808,0.808,0.5,0.25
-10,1,0.812,0.812,0.5,0.25
-10,1,0.816,0.816,0.5,0.25
-10,1,0.82,0.82,0.5,0.25
-10,1,0.824,0.824,0.5,0.25
-10,1,0.828,0.828,0.5,0.25
-10,1,0.832,0.832,0.5,0.25
-10,1,0.836,0.836,0.5,0.25
-10,1,0.84,0.84,0.5,0.25
-10,1,0.844,0.844,0.5,0.25
-10,1,0.848,0.848,0.5,0.25
-10,1,0.852,0.852,0.5,0.25
-10,1,0.856,0.856,0.5,0.25
-10,1,0.86,0.86,0.5,0.25
-10,1,0.864,0.864,0.5,0.25
-10,1,0.868,0.868,0.5,0.25
-10,1,0.872,0.872,0.5,0.25
-10,1,0.876,0.876,0.5,0.25
-10,1,0.88,0.88,0.5,0.25
-10,1,0.884,0.884,0.5,0.25
-10,1,0.888,0.888,0.5,0.25
-10,1,0.892,0.892,0.5,0.25
-10,1,0.896,0.896,0.5,0.25
-10,1,0.9,0.9,0.5,0.25
-10,1,0.904,0.904,0.5,0.25
-10,1,0.908,0.908,0.5,0.25
-10,1,0.912,0.912,0.5,0.25
-10,1,0.916,0.916,0.5,0.25
-10,1,0.92,0.92,0.5,0.25
-10,1,0.924,0.924,0.5,0.25
-10,1,0.928,0.928,0.5,0.25
-10,1,0.932,0.932,0.5,0.25
-10,1,0.936,0.936,0.5,0.25
-10,1,0.94,0.94,0.5,0.25
-10,1,0.944,0.944,0.5,0.25
-10,1,0.948,0.948,0.5,0.25
-10,1,0.952,0.952,0.5,0.25
-10,1,0.956,0.956,0.5,0.25
-10,1,0.96,0.96,0.5,0.25
-10,1,0.964,0.964,0.5,0.25
-10,1,0.968,0.968,0.5,0.25
-10,1,0.972,0.972,0.5,0.25
-10,1,0.976,0.976,0.5,0.25
-10,1,0.98,0.98,0.5,0.25
-10,1,0.984,0.984,0.5,0.25
-10,1,0.988,0.988,0.5,0.25
-10,1,0.992,0.992,0.5,0.25
-10,1,0.996,0.996,0.5,0.25
-10,1,1,1,0.5,0.25
-10,1,1.004,1.004,0.5,0.25
-10,1,1.008,1.008,0.5,0.25
-10,1,1.012,1.012,0.5,0.25
-10,1,1.016,1.016,0.5,0.25
-10,1,1.02,1.02,0.5,0.25
-10,1,1.024,1.024,0.5,0.25
-10,1,1.028,1.028,0.5,0.25
-10,1,1.032,1.032,0.5,0.25
-10,1,1.036,1.036,0.5,0.25
-10,1,1.04,1.04,0.5,0.25
-10,1,1.044,1.044,0.5,0.25
-10,1,1.048,1.048,0.5,0.25
-10,1,1.052,1.052,0.5,0.25
-10,1,1.056,1.056,0.5,0.25
-10,1,1.06,1.06,0.5,0.25
-10,1,1.064,1.064,0.5,0.25
-10,1,1.068,1.068,0.5,0.25
-10,1,1.072,1.072,0.5,0.25
-10,1,1.076,1.076,0.5,0.25
-10,1,1.08,1.08,0.5,0.25
-10,1,1.084,1.084,0.5,0.25
-10,1,1.088,1.088,0.5,0.25
-10,1,1.092,1.092,0.5,0.25
-10,1,1.096,1.096,0.5,0.25
-10,1,1.1,1.1,0.5,0.25
-10,1,1.104,1.104,0.5,0.25
-10,1,1.108,1.108,0.5,0.25
-10,1,1.112,1.112,0.5,0.25
-10,1,1.116,1.116,0.5,0.25
-10,1,1.12,1.12,0.5,0.25
-10,1,1.124,1.124,0.5,0.25
-10,1,1.128,1.128,0.5,0.25
-10,1,1.132,1.132,0.5,0.25
-10,1,1.136,1.136,0.5,0.25
-10,1,1.14,1.14,0.5,0.25
-10,1,1.144,1.144,0.5,0.25
-10,1,1.148,1.148,0.5,0.25
-10,1,1.152,1.152,0.5,0.25
-10,1,1.156,1.156,0.5,0.25
-10,1,1.16,1.16,0.5,0.25
-10,1,1.164,1.164,0.5,0.25
-10,1,1.168,1.168,0.5,0.25
-10,1,1.172,1.172,0.5,0.25
-10,1,1.176,1.176,0.5,0.25
-10,1,1.18,1.18,0.5,0.25
-10,1,1.184,1.184,0.5,0.25
-10,1,1.188,1.188,0.5,0.25
-9.9999,1,1.192,1.192,0.5,0.25
-9.9999,1,1.196,1.196,0.5,0.25
-9.9999,1,1.2,1.2,0.5,0.25
-9.9999,1,1.204,1.204,0.5,0.25
-9.9999,1,1.208,1.208,0.5,0.25
-9.9999,1,1.212,1.212,0.5,0.25
-9.9999,1,1.216,1.216,0.5,0.25
-9.9999,1,1.22,1.22,0.5,0.25
-9.9999,1,1.224,1.224,0.5,0.25
-9.9999,1,1.228,1.228,0.5,0.25
-9.9998,1,1.232,1.232,0.5,0.25
-9.9998,1,1.236,1.236,0.5,0.25
-9.9998,1,1.24,1.24,0.5,0.25
-9.9998,1,1.244,1.244,0.5,0.25
-9.9997,1,1.248,1.248,0.5,0.25
-9.9997,1,1.252,1.252,0.5,0.25
-9.9997,1,1.256,1.256,0.5,0.25
-9.9997,1,1.26,1.26,0.5,0.25
-9.9997,1,1.264,1.264,0.5,0.25
-9.9997,1,1.268,1.268,0.5,0.25
nan,0,1.272,1.272,0.5,0.25
-9.9997,1,1.276,1.276,0.5,0.25
-9.9997,1,1.28,1.28,0.5,0.25
-9.9997,1,1.284,1.284,0.5,0.25
-9.9997,1,1.288,1.288,0.5,0.25
-9.9997,1,1.292,1.292,0.5,0.25
-9.9996,1,1.296,1.296,0.5,0.25
-9.9996,1,1.3,1.3,0.5,0.25
-9.9996,1,1.304,1.304,0.5,0.25
-9.9996,1,1.308,1.308,0.5,0.25
-9.9997,1,1.312,1.312,0.5,0.25
-9.9997,1,1.316,1.316,0.5,0.25
-9.9997,1,1.32,1.32,0.5,0.25
-9.9998,1,1.324,1.324,0.5,0.25
-9.9998,1,1.328,1.328,0.5,0.25
-9.9998,1,1.332,1.332,0.5,0.25
-9.9998,1,1.336,1.336,0.5,0.25
-9.9999,1,1.34,1.34,0.5,0.25
-9.9999,1,1.344,1.344,0.5,0.25
-9.9999,1,1.348,1.348,0.5,0.25
-9.9999,1,1.352,1.352,0.5,0.25
-10,1,1.356,1.356,0.5,0.25
-10,1,1.36,1.36,0.5,0.25
-10,1,1.364,1.364,0.5,0.25
-10,1,1.368,1.368,0.5,0.25
-10,1,1.372,1.372,0.5,0.25
-10,1,1.376,1.376,0.5,0.25
-10,1,1.38,1.38,0.5,0.25
-10,1,1.384,1.384,0.5,0.25
-10.001,1,1.388,1.388,0.5,0.25
-10.001,1,1.392,1.392,0.5,0.25
-10.001,1,1.396,1.396,0.5,0.25
-10.001,1,1.4,1.4,0.5,0.25
-10.001,1,1.404,1.404,0.5,0.25
-10.001,1,1.408,1.408,0.5,0.25
-10.001,1,1.412,1.412,0.5,0.25
-10.001,1,1.416,1.416,0.5,0.25
-10.001,1,1.42,1.42,0.5,0.25
-10.001,1,1.424,1.424,0.5,0.25
-10.001,1,1.428,1.428,0.5,0.25
-10.001,1,1.432,1.432,0.5,0.25
-10.001,1,1.436,1.436,0.5,0.25
-10.002,1,1.44,1.44,0.5,0.25
-10.002,1,1.444,1.444,0.5,0.25
-10.003,1,1.448,1.448,0.5,0.25
-10.003,1,1.452,1.452,0.5,0.25
-10.003,1,1.456,1.456,0.5,0.25
-10.003,1,1.46,1.46,0.5,0.25
-10.003,1,1.464,1.464,0.5,0.25
-10.003,1,1.468,1.468,0.5,0.25
-10.003,1,1.472,1.472,0.5,0.25
-10.003,1,1.476,1.476,0.5,0.25
-10.003,1,1.48,1.48,0.5,0.25
-10.003,1,1.484,1.484,0.5,0.25
-10.003,1,1.488,1.488,0.5,0.25
-10.003,1,1.492,1.492,0.5,0.25
-10.003,1,1.496,1.496,0.5,0.25
-10.003,1,1.5,1.5,0.5,0.25
-10.003,1,1.504,1.504,0.5,0.25
-10.003,1,1.508,1.508,0.5,0.25
-10.003,1,1.512,1.512,0.5,0.25
-10.003,1,1.516,1.516,0.5,0.25
-10.003,1,1.52,1.52,0.5,0.25
-10.002,1,1.524,1.524,0.5,0.25
-10.002,1,1.528,1.528,0.5,0.25
-10.002,1,1.532,1.532,0.5,0.25
-10.001,1,1.536,1.536,0.5,0.25
-10.001,1,1.54,1.54,0.5,0.25
-10.001,1,1.544,1.544,0.5,0.25
-10,1,1.548,1.548,0.5,0.25
-9.9999,1,1.552,1.552,0.5,0.25
-9.9996,1,1.556,1.556,0.5,0.25
-9.9992,1,1.56,1.56,0.5,0.25
-9.9989,1,1.564,1.564,0.5,0.25
-9.9986,1,1.568,1.568,0.5,0.25
-9.9982,1,1.572,1.572,0.5,0.25
-9.9979,1,1.576,1.576,0.5,0.25
-9.9975,1,1.58,1.58,0.5,0.25
-9.9972,1,1.584,1.584,0.5,0.25
-9.9968,1,1.588,1.588,0.5,0.25
-9.9965,1,1.592,1.592,0.5,0.25
-9.9962,1,1.596,1.596,0.5,0.25
-9.9958,1,1.6,1.6,0.5,0.25
-9.9955,1,1.604,1.604,0.5,0.25
-9.9951,1,1.608,1.608,0.5,0.25
-9.9948,1,1.612,1.612,0.5,0.25
-9.9945,1,1.616,1.616,0.5,0.25
-9.9941,1,1.62,1.62,0.5,0.25
-9.9938,1,1.624,1.624,0.5,0.25
-9.9934,1,1.628,1.628,0.5,0.25
-9.9931,1,1.632,1.632,0.5,0.25
-9.9927,1,1.636,1.636,0.5,0.25
-9.9842,1,1.64,1.64,0.5,0.25
-9.9831,1,1.644,1.644,0.5,0.25
-9.9821,1,1.648,1.648,0.5,0.25
-9.981,1,1.652,1.652,0.5,0.25
-9.98,1,1.656,1.656,0.5,0.25
-9.9789,1,1.66,1.66,0.5,0.25
-9.9779,1,1.664,1.664,0.5,0.25
-9.9769,1,1.668,1.668,0.5,0.25
-9.9758,1,1.672,1.672,0.5,0.25
-9.9748,1,1.676,1.676,0.5,0.25
-9.9737,1,1.68,1.68,0.5,0.25
-9.9594,1,1.684,1.684,0.5,0.25
-9.9567,1,1.688,1.688,0.5,0.25
-9.954,1,1.692,1.692,0.5,0.25
-9.9513,1,1.696,1.696,0.5,0.25
-9.9486,1,1.7,1.7,0.5,0.25
-9.9459,1,1.704,1.704,0.5,0.25
-9.9432,1,1.708,1.708,0.5,0.25
-9.9405,1,1.712,1.712,0.5,0.25
-9.9378,1,1.716,1.716,0.5,0.25
-9.9351,1,1.72,1.72,0.5,0.25
-9.9324,1,1.724,1.724,0.5,0.25
-9.9078,1,1.728,1.728,0.5,0.25
-9.9004,1,1.732,1.732,0.5,0.25
-9.9157,1,1.736,1.736,0.5,0.25
-9.8917,1,1.74,1.74,0.5,0.25
-9.8676,1,1.744,1.744,0.5,0.25
-9.8435,1,1.748,1.748,0.5,0.25
-9.8194,1,1.752,1.752,0.5,0.25
-9.8442,1,1.756,1.756,0.5,0.25
-9.8032,1,1.76,1.76,0.5,0.25
-9.7622,1,1.764,1.764,0.5,0.25
-9.7212,1,1.768,1.768,0.5,0.25
-9.6802,1,1.772,1.772,0.5,0.25
nan,0,1.776,1.776,0.5,0.25
nan,0,1.78,1.78,0.5,0.25
-9.5571,1,1.784,1.784,0.5,0.25
-9.5161,1,1.788,1.788,0.5,0.25
-9.4751,1,1.792,1.792,0.5,0.25
-9.4341,1,1.796,1.796,0.5,0.25
-9.3931,1,1.8,1.8,0.5,0.25
-9.3521,1,1.804,1.804,0.5,0.25
-9.311,1,1.808,1.808,0.5,0.25
-9.27,1,1.812,1.812,0.5,0.25
-9.229,1,1.816,1.816,0.5,0.25
-9.188,1,1.82,1.82,0.5,0.25
-9.147,1,1.824,1.824,0.5,0.25
-9.106,1,1.828,1.828,0.5,0.25
-9.065,1,1.832,1.832,0.5,0.25
-9.024,1,1.836,1.836,0.5,0.25
-8.983,1,1.84,1.84,0.5,0.25
-8.942,1,1.844,1.844,0.5,0.25
-8.5363,1,1.848,1.848,0.5,0.25
-8.425,1,1.852,1.852,0.5,0.25
-8.3137,1,1.856,1.856,0.5,0.25
-8.2023,1,1.86,1.86,0.5,0.25
-8.091,1,1.864,1.864,0.5,0.25
-7.9796,1,1.868,1.868,0.5,0.25
-7.8683,1,1.872,1.872,0.5,0.25
-7.7569,1,1.876,1.876,0.5,0.25
-7.6456,1,1.88,1.88,0.5,0.25
-7.5343,1,1.884,1.884,0.5,0.25
-7.4229,1,1.888,1.888,0.5,0.25
-7.3116,1,1.892,1.892,0.5,0.25
-7.2002,1,1.896,1.896,0.5,0.25
-7.0889,1,1.9,1.9,0.5,0.25
-6.4426,1,1.904,1.904,0.5,0.25
-6.2036,1,1.908,1.908,0.5,0.25
-5.9646,1,1.912,1.912,0.5,0.25
-5.7256,1,1.916,1.916,0.5,0.25
-5.4866,1,1.92,1.92,0.5,0.25
-5.2476,1,1.924,1.924,0.5,0.25
-5.0086,1,1.928,1.928,0.5,0.25
-4.7696,1,1.932,1.932,0.5,0.25
-4.5306,1,1.936,1.936,0.5,0.25
-4.2916,1,1.94,1.94,0.5,0.25
-3.7913,1,1.944,1.944,0.5,0.25
-3.4954,1,1.948,1.948,0.5,0.25
-3.1996,1,1.952,1.952,0.5,0.25
-2.9037,1,1.956,1.956,0.5,0.25
-2.6077,1,1.96,1.96,0.5,0.25
-2.3119,1,1.964,1.964,0.5,0.25
-2.016,1,1.968,1.968,0.5,0.25
-1.7201,1,1.972,1.972,0.5,0.25
-1.4243,1,1.976,1.976,0.5,0.25
-1.1284,1,1.98,1.98,0.5,0.25
-0.83252,1,1.984,1.984,0.5,0.25
-0.53665,1,1.988,1.988,0.5,0.25
-0.24078,1,1.992,1.992,0.5,0.25
0.055095,1,1.996,1.996,0.5,0.25
0.35099,1,2,2,0.5,0.25
0.64686,1,2.004,2.004,0.5,0.25
0.94274,1,2.008,2.008,0.5,0.25
1.2386,1,2.012,2.012,0.5,0.25
1.5345,1,2.016,2.016,0.5,0.25
1.8304,1,2.02,2.02,0.5,0.25
2.2429,1,2.024,2.024,0.5,0.25
2.5446,1,2.028,2.028,0.5,0.25
2.8464,1,2.032,2.032,0.5,0.25
3.1481,1,2.036,2.036,0.5,0.25
3.4498,1,2.04,2.04,0.5,0.25
3.7515,1,2.044,2.044,0.5,0.25
4.0136,1,2.048,2.048,0.5,0.25
4.2464,1,2.052,2.052,0.5,0.25
4.4792,1,2.056,2.056,0.5,0.25
4.712,1,2.06,2.06,0.5,0.25
4.9448,1,2.064,2.064,0.5,0.25
5.1776,1,2.068,2.068,0.5,0.25
5.52,1,2.072,2.072,0.5,0.25
5.6889,1,2.076,2.076,0.5,0.25
5.8579,1,2.08,2.08,0.5,0.25
6.0268,1,2.084,2.084,0.5,0.25
6.1957,1,2.088,2.088,0.5,0.25
6.3647,1,2.092,2.092,0.5,0.25
6.5336,1,2.096,2.096,0.5,0.25
6.7025,1,2.1,2.1,0.5,0.25
6.8715,1,2.104,2.104,0.5,0.25
7.0404,1,2.108,2.108,0.5,0.25
7.2093,1,2.112,2.112,0.5,0.25
7.3782,1,2.116,2.116,0.5,0.25
7.5471,1,2.12,2.12,0.5,0.25
7.7161,1,2.124,2.124,0.5,0.25
7.885,1,2.128,2.128,0.5,0.25
8.0539,1,2.132,2.132,0.5,0.25
8.2228,1,2.136,2.136,0.5,0.25
8.3918,1,2.14,2.14,0.5,0.25
8.5607,1,2.144,2.144,0.5,0.25
8.7296,1,2.148,2.148,0.5,0.25
8.8986,1,2.152,2.152,0.5,0.25
8.6012,1,2.156,2.156,0.5,0.25
8.6886,1,2.16,2.16,0.5,0.25
8.7761,1,2.164,2.164,0.5,0.25
8.8635,1,2.168,2.168,0.5,0.25
8.9509,1,2.172,2.172,0.5,0.25
9.0383,1,2.176,2.176,0.5,0.25
9.1257,1,2.18,2.18,0.5,0.25
9.2131,1,2.184,2.184,0.5,0.25
9.3005,1,2.188,2.188,0.5,0.25
9.3879,1,2.192,2.192,0.5,0.25
9.3369,1,2.196,2.196,0.5,0.25
9.3691,1,2.2,2.2,0.5,0.25
9.4012,1,2.204,2.204,0.5,0.25
9.4334,1,2.208,2.208,0.5,0.25
9.4655,1,2.212,2.212,0.5,0.25
9.4976,1,2.216,2.216,0.5,0.25
9.5298,1,2.22,2.22,0.5,0.25
9.5619,1,2.224,2.224,0.5,0.25
9.5941,1,2.228,2.228,0.5,0.25
9.6262,1,2.232,2.232,0.5,0.25
9.6583,1,2.236,2.236,0.5,0.25
9.6905,1,2.24,2.24,0.5,0.25
9.7226,1,2.244,2.244,0.5,0.25
9.7547,1,2.248,2.248,0.5,0.25
9.7869,1,2.252,2.252,0.5,0.25
9.819,1,2.256,2.256,0.5,0.25
9.8512,1,2.26,2.26,0.5,0.25
9.7857,1,2.264,2.264,0.5,0.25
9.7991,1,2.268,2.268,0.5,0.25
9.8126,1,2.272,2.272,0.5,0.25
9.826,1,2.276,2.276,0.5,0.25
9.8391,1,2.28,2.28,0.5,0.25
9.8465,1,2.284,2.284,0.5,0.25
9.854,1,2.288,2.288,0.5,0.25
9.8614,1,2.292,2.292,0.5,0.25
9.8688,1,2.296,2.296,0.5,0.25
9.8763,1,2.3,2.3,0.5,0.25
9.8837,1,2.304,2.304,0.5,0.25
9.8911,1,2.308,2.308,0.5,0.25
9.8986,1,2.312,2.312,0.5,0.25
9.906,1,2.316,2.316,0.5,0.25
9.9134,1,2.32,2.32,0.5,0.25
9.9209,1,2.324,2.324,0.5,0.25
9.9283,1,2.328,2.328,0.5,0.25
9.9358,1,2.332,2.332,0.5,0.25
9.9432,1,2.336,2.336,0.5,0.25
9.9385,1,2.34,2.34,0.5,0.25
9.9409,1,2.344,2.344,0.5,0.25
9.9434,1,2.348,2.348,0.5,0.25
9.9458,1,2.352,2.352,0.5,0.25
9.9482,1,2.356,2.356,0.5,0.25
9.9507,1,2.36,2.36,0.5,0.25
9.9531,1,2.364,2.364,0.5,0.25
9.9594,1,2.368,2.368,0.5,0.25
9.9625,1,2.372,2.372,0.5,0.25
9.9655,1,2.376,2.376,0.5,0.25
9.9686,1,2.38,2.38,0.5,0.25
9.9717,1,2.384,2.384,0.5,0.25
9.9703,1,2.388,2.388,0.5,0.25
9.9717,1,2.392,2.392,0.5,0.25
9.9731,1,2.396,2.396,0.5,0.25
9.9746,1,2.4,2.4,0.5,0.25
9.976,1,2.404,2.404,0.5,0.25
9.9774,1,2.408,2.408,0.5,0.25
9.9789,1,2.412,2.412,0.5,0.25
9.9803,1,2.416,2.416,0.5,0.25
9.9817,1,2.42,2.42,0.5,0.25
9.9832,1,2.424,2.424,0.5,0.25
9.9846,1,2.428,2.428,0.5,0.25
9.9842,1,2.432,2.432,0.5,0.25
9.9851,1,2.436,2.436,0.5,0.25
9.986,1,2.44,2.44,0.5,0.25
9.9869,1,2.444,2.444,0.5,0.25
9.9878,1,2.448,2.448,0.5,0.25
9.9887,1,2.452,2.452,0.5,0.25
9.9896,1,2.456,2.456,0.5,0.25
9.9905,1,2.46,2.46,0.5,0.25
9.9914,1,2.464,2.464,0.5,0.25
9.9924,1,2.468,2.468,0.5,0.25
9.9933,1,2.472,2.472,0.5,0.25
9.9942,1,2.476,2.476,0.5,0.25
9.9951,1,2.48,2.48,0.5,0.25
9.996,1,2.484,2.484,0.5,0.25
9.9969,1,2.488,2.488,0.5,0.25
9.9978,1,2.492,2.492,0.5,0.25
9.9961,1,2.496,2.496,0.5,0.25
9.9966,1,2.5,2.5,0.5,0.25
9.9971,1,2.504,2.504,0.5,0.25
9.9969,1,2.508,2.508,0.5,0.25
9.997,1,2.512,2.512,0.5,0.25
9.9971,1,2.516,2.516,0.5,0.25
9.9972,1,2.52,2.52,0.5,0.25
9.9974,1,2.524,2.524,0.5,0.25
9.9975,1,2.528,2.528,0.5,0.25
9.9976,1,2.532,2.532,0.5,0.25
9.9977,1,2.536,2.536,0.5,0.25
9.9978,1,2.54,2.54,0.5,0.25
9.9984,1,2.544,2.544,0.5,0.25
9.9986,1,2.548,2.548,0.5,0.25
9.9987,1,2.552,2.552,0.5,0.25
9.9989,1,2.556,2.556,0.5,0.25
9.9991,1,2.56,2.56,0.5,0.25
9.9992,1,2.564,2.564,0.5,0.25
9.9994,1,2.568,2.568,0.5,0.25
9.9996,1,2.572,2.572,0.5,0.25
9.9997,1,2.576,2.576,0.5,0.25
9.9999,1,2.58,2.58,0.5,0.25
9.9998,1,2.584,2.584,0.5,0.25
9.9999,1,2.588,2.588,0.5,0.25
10,1,2.592,2.592,0.5,0.25
10,1,2.596,2.596,0.5,0.25
10,1,2.6,2.6,0.5,0.25
10,1,2.604,2.604,0.5,0.25
10.001,1,2.608,2.608,0.5,0.25
10.001,1,2.612,2.612,0.5,0.25
10,1,2.616,2.616,0.5,0.25
10,1,2.62,2.62,0.5,0.25
10,1,2.624,2.624,0.5,0.25
9.9999,1,2.628,2.628,0.5,0.25
9.9999,1,2.632,2.632,0.5,0.25
9.9999,1,2.636,2.636,0.5,0.25
9.9999,1,2.64,2.64,0.5,0.25
9.9999,1,2.644,2.644,0.5,0.25
10,1,2.648,2.648,0.5,0.25
10,1,2.652,2.652,0.5,0.25
10,1,2.656,2.656,0.5,0.25
10,1,2.66,2.66,0.5,0.25
10,1,2.664,2.664,0.5,0.25
10,1,2.668,2.668,0.5,0.25
10,1,2.672,2.672,0.5,0.25
10,1,2.676,2.676,0.5,0.25
10,1,2.68,2.68,0.5,0.25
10,1,2.684,2.684,0.5,0.25
10,1,2.688,2.688,0.5,0.25
10,1,2.692,2.692,0.5,0.25
10,1,2.696,2.696,0.5,0.25
10,1,2.7,2.7,0.5,0.25
10,1,2.704,2.704,0.5,0.25
10,1,2.708,2.708,0.5,0.25
10,1,2.712,2.712,0.5,0.25
10,1,2.716,2.716,0.5,0.25
10.001,1,2.72,2.72,0.5,0.25
10.001,1,2.724,2.724,0.5,0.25
10.001,1,2.728,2.728,0.5,0.25
10.001,1,2.732,2.732,0.5,0.25
10.001,1,2.736,2.736,0.5,0.25
10,1,2.74,2.74,0.5,0.25
10,1,2.744,2.744,0.5,0.25
10,1,2.748,2.748,0.5,0.25
10,1,2.752,2.752,0.5,0.25
10,1,2.756,2.756,0.5,0.25
10,1,2.76,2.76,0.5,0.25
10,1,2.764,2.764,0.5,0.25
10,1,2.768,2.768,0.5,0.25
10,1,2.772,2.772,0.5,0.25
10,1,2.776,2.776,0.5,0.25
10,1,2.78,2.78,0.5,0.25
10,1,2.784,2.784,0.5,0.25
10,1,2.788,2.788,0.5,0.25
10,1,2.792,2.792,0.5,0.25
10,1,2.796,2.796,0.5,0.25
10,1,2.8,2.8,0.5,0.25
10,1,2.804,2.804,0.5,0.25
10,1,2.808,2.808,0.5,0.25
10,1,2.812,2.812,0.5,0.25
10,1,2.816,2.816,0.5,0.25
10,1,2.82,2.82,0.5,0.25
10,1,2.824,2.824,0.5,0.25
10,1,2.828,2.828,0.5,0.25
10,1,2.832,2.832,0.5,0.25
10,1,2.836,2.836,0.5,0.25
10,1,2.84,2.84,0.5,0.25
10,1,2.844,2.844,0.5,0.25
10,1,2.848,2.848,0.5,0.25
10,1,2.852,2.852,0.5,0.25
10,1,2.856,2.856,0.5,0.25
10,1,2.86,2.86,0.5,0.25
10,1,2.864,2.864,0.5,0.25
10,1,2.868,2.868,0.5,0.25
10,1,2.872,2.872,0.5,0.25
10,1,2.876,2.876,0.5,0.25
10,1,2.88,2.88,0.5,0.25
10,1,2.884,2.884,0.5,0.25
10,1,2.888,2.888,0.5,0.25
10,1,2.892,2.892,0.5,0.25
10,1,2.896,2.896,0.5,0.25
10,1,2.9,2.9,0.5,0.25
10,1,2.904,2.904,0.5,0.25
10,1,2.908,2.908,0.5,0.25
10,1,2.912,2.912,0.5,0.25
10,1,2.916,2.916,0.5,0.25
10,1,2.92,2.92,0.5,0.25
10,1,2.924,2.924,0.5,0.25
10,1,2.928,2.928,0.5,0.25
10,1,2.932,2.932,0.5,0.25
10,1,2.936,2.936,0.5,0.25
10,1,2.94,2.94,0.5,0.25
10,1,2.944,2.944,0.5,0.25
10,1,2.948,2.948,0.5,0.25
10,1,2.952,2.952,0.5,0.25
10,1,2.956,2.956,0.5,0.25
10,1,2.96,2.96,0.5,0.25
10,1,2.964,2.964,0.5,0.25
10,1,2.968,2.968,0.5,0.25
10,1,2.972,2.972,0.5,0.25
10,1,2.976,2.976,0.5,0.25
10,1,2.98,2.98,0.5,0.25
10,1,2.984,2.984,0.5,0.25
10,1,2.988,2.988,0.5,0.25
10,1,2.992,2.992,0.5,0.25
10,1,2.996,2.996,0.5,0.25
10,1,3,3,0.5,0.25
10,1,3.004,3.004,0.5,0.25
10,1,3.008,3.008,0.5,0.25
10,1,3.012,3.012,0.5,0.25
10,1,3.016,3.016,0.5,0.25
10,1,3.02,3.02,0.5,0.25
10,1,3.024,3.024,0.5,0.25
10,1,3.028,3.028,0.5,0.25
10,1,3.032,3.032,0.5,0.25
10,1,3.036,3.036,0.5,0.25
10,1,3.04,3.04,0.5,0.25
10,1,3.044,3.044,0.5,0.25
10,1,3.048,3.048,0.5,0.25
10,1,3.052,3.052,0.5,0.25
10,1,3.056,3.056,0.5,0.25
10,1,3.06,3.06,0.5,0.25
10,1,3.064,3.064,0.5,0.25
10,1,3.068,3.068,0.5,0.25
10,1,3.072,3.072,0.5,0.25
10,1,3.076,3.076,0.5,0.25
10,1,3.08,3.08,0.5,0.25
10,1,3.084,3.084,0.5,0.25
10,1,3.088,3.088,0.5,0.25
10,1,3.092,3.092,0.5,0.25
10,1,3.096,3.096,0.5,0.25
10,1,3.1,3.1,0.5,0.25
10,1,3.104,3.104,0.5,0.25
10,1,3.108,3.108,0.5,0.25
10,1,3.112,3.112,0.5,0.25
10,1,3.116,3.116,0.5,0.25
10,1,3.12,3.12,0.5,0.25
10,1,3.124,3.124,0.5,0.25
10,1,3.128,3.128,0.5,0.25
10,1,3.132,3.132,0.5,0.25
10,1,3.136,3.136,0.5,0.25
10,1,3.14,3.14,0.5,0.25
10,1,3.144,3.144,0.5,0.25
10,1,3.148,3.148,0.5,0.25
10,1,3.152,3.152,0.5,0.25
10,1,3.156,3.156,0.5,0.25
10,1,3.16,3.16,0.5,0.25
10,1,3.164,3.164,0.5,0.25
10,1,3.168,3.168,0.5,0.25
10,1,3.172,3.172,0.5,0.25
10,1,3.176,3.176,0.5,0.25
10,1,3.18,3.18,0.5,0.25
10,1,3.184,3.184,0.5,0.25
10,1,3.188,3.188,0.5,0.25
10,1,3.192,3.192,0.5,0.25
10,1,3.196,3.196,0.5,0.25
10,1,3.2,3.2,0.5,0.25
10,1,3.204,3.204,0.5,0.25
10,1,3.208,3.208,0.5,0.25
10,1,3.212,3.212,0.5,0.25
10,1,3.216,3.216,0.5,0.25
10,1,3.22,3.22,0.5,0.25
10,1,3.224,3.224,0.5,0.25
10,1,3.228,3.228,0.5,0.25
10,1,3.232,3.232,0.5,0.25
10,1,3.236,3.236,0.5,0.25
10,1,3.24,3.24,0.5,0.25
10,1,3.244,3.244,0.5,0.25
10,1,3.248,3.248,0.5,0.25
10,1,3.252,3.252,0.5,0.25
10,1,3.256,3.256,0.5,0.25
10,1,3.26,3.26,0.5,0.25
10,1,3.264,3.264,0.5,0.25
10,1,3.268,3.268,0.5,0.25
10,1,3.272,3.272,0.5,0.25
10,1,3.276,3.276,0.5,0.25
10,1,3.28,3.28,0.5,0.25
10,1,3.284,3.284,0.5,0.25
10,1,3.288,3.288,0.5,0.25
10,1,3.292,3.292,0.5,0.25
10,1,3.296,3.296,0.5,0.25
10,1,3.3,3.3,0.5,0.25
10,1,3.304,3.304,0.5,0.25
10,1,3.308,3.308,0.5,0.25
10,1,3.312,3.312,0.5,0.25
10,1,3.316,3.316,0.5,0.25
10,1,3.32,3.32,0.5,0.25
10,1,3.324,3.324,0.5,0.25
10,1,3.328,3.328,0.5,0.25
10,1,3.332,3.332,0.5,0.25
10,1,3.336,3.336,0.5,0.25
10,1,3.34,3.34,0.5,0.25
10,1,3.344,3.344,0.5,0.25
10,1,3.348,3.348,0.5,0.25
10,1,3.352,3.352,0.5,0.25
10,1,3.356,3.356,0.5,0.25
10,1,3.36,3.36,0.5,0.25
10,1,3.364,3.364,0.5,0.25
10,1,3.368,3.368,0.5,0.25
10,1,3.372,3.372,0.5,0.25
10,1,3.376,3.376,0.5,0.25
10,1,3.38,3.38,0.5,0.25
10,1,3.384,3.384,0.5,0.25
10,1,3.388,3.388,0.5,0.25
10,1,3.392,3.392,0.5,0.25
10,1,3.396,3.396,0.5,0.25
10,1,3.4,3.4,0.5,0.25
10,1,3.404,3.404,0.5,0.25
10,1,3.408,3.408,0.5,0.25
10,1,3.412,3.412,0.5,0.25
10,1,3.416,3.416,0.5,0.25
10,1,3.42,3.42,0.5,0.25
10,1,3.424,3.424,0.5,0.25
10,1,3.428,3.428,0.5,0.25
10,1,3.432,3.432,0.5,0.25
10,1,3.436,3.436,0.5,0.25
10,1,3.44,3.44,0.5,0.25
10,1,3.444,3.444,0.5,0.25
10,1,3.448,3.448,0.5,0.25
10,1,3.452,3.452,0.5,0.25
10,1,3.456,3.456,0.5,0.25
10,1,3.46,3.46,0.5,0.25
10,1,3.464,3.464,0.5,0.25
10,1,3.468,3.468,0.5,0.25
10,1,3.472,3.472,0.5,0.25
10,1,3.476,3.476,0.5,0.25
10,1,3.48,3.48,0.5,0.25
10,1,3.484,3.484,0.5,0.25
10,1,3.488,3.488,0.5,0.25
10,1,3.492,3.492,0.5,0.25
10,1,3.496,3.496,0.5,0.25
10,1,3.5,3.5,0.5,0.25
10,1,3.504,3.504,0.5,0.25
10,1,3.508,3.508,0.5,0.25
10,1,3.512,3.512,0.5,0.25
10,1,3.516,3.516,0.5,0.25
10,1,3.52,3.52,0.5,0.25
10,1,3.524,3.524,0.5,0.25
10,1,3.528,3.528,0.5,0.25
10,1,3.532,3.532,0.5,0.25
10,1,3.536,3.536,0.5,0.25
10,1,3.54,3.54,0.5,0.25
10,1,3.544,3.544,0.5,0.25
10,1,3.548,3.548,0.5,0.25
10,1,3.552,3.552,0.5,0.25
10,1,3.556,3.556,0.5,0.25
10,1,3.56,3.56,0.5,0.25
10,1,3.564,3.564,0.5,0.25
10,1,3.568,3.568,0.5,0.25
10,1,3.572,3.572,0.5,0.25
10,1,3.576,3.576,0.5,0.25
10,1,3.58,3.58,0.5,0.25
10,1,3.584,3.584,0.5,0.25
10,1,3.588,3.588,0.5,0.25
10,1,3.592,3.592,0.5,0.25
10,1,3.596,3.596,0.5,0.25
10,1,3.6,3.6,0.5,0.25
10,1,3.604,3.604,0.5,0.25
10,1,3.608,3.608,0.5,0.25
10,1,3.612,3.612,0.5,0.25
10,1,3.616,3.616,0.5,0.25
10,1,3.62,3.62,0.5,0.25
10,1,3.624,3.624,0.5,0.25
10,1,3.628,3.628,0.5,0.25
10,1,3.632,3.632,0.5,0.25
10,1,3.636,3.636,0.5,0.25
10,1,3.64,3.64,0.5,0.25
10,1,3.644,3.644,0.5,0.25
10,1,3.648,3.648,0.5,0.25
10,1,3.652,3.652,0.5,0.25
10,1,3.656,3.656,0.5,0.25
10,1,3.66,3.66,0.5,0.25
10,1,3.664,3.664,0.5,0.25
10,1,3.668,3.668,0.5,0.25
10,1,3.672,3.672,0.5,0.25
10,1,3.676,3.676,0.5,0.25
10,1,3.68,3.68,0.5,0.25
10,1,3.684,3.684,0.5,0.25
10,1,3.688,3.688,0.5,0.25
10,1,3.692,3.692,0.5,0.25
10,1,3.696,3.696,0.5,0.25
10,1,3.7,3.7,0.5,0.25
10,1,3.704,3.704,0.5,0.25
10,1,3.708,3.708,0.5,0.25
10,1,3.712,3.712,0.5,0.25
10,1,3.716,3.716,0.5,0.25
10,1,3.72,3.72,0.5,0.25
10,1,3.724,3.724,0.5,0.25
10,1,3.728,3.728,0.5,0.25
10,1,3.732,3.732,0.5,0.25
10,1,3.736,3.736,0.5,0.25
10,1,3.74,3.74,0.5,0.25
10,1,3.744,3.744,0.5,0.25
10,1,3.748,3.748,0.5,0.25
10,1,3.752,3.752,0.5,0.25
10,1,3.756,3.756,0.5,0.25
10,1,3.76,3.76,0.5,0.25
10,1,3.764,3.764,0.5,0.25
10,1,3.768,3.768,0.5,0.25
10,1,3.772,3.772,0.5,0.25
10,1,3.776,3.776,0.5,0.25
10,1,3.78,3.78,0.5,0.25
10,1,3.784,3.784,0.5,0.25
10,1,3.788,3.788,0.5,0.25
10,1,3.792,3.792,0.5,0.25
10,1,3.796,3.796,0.5,0.25
10,1,3.8,3.8,0.5,0.25
10,1,3.804,3.804,0.5,0.25
10,1,3.808,3.808,0.5,0.25
10,1,3.812,3.812,0.5,0.25
10,1,3.816,3.816,0.5,0.25
10,1,3.82,3.82,0.5,0.25
10,1,3.824,3.824,0.5,0.25
10,1,3.828,3.828,0.5,0.25
10,1,3.832,3.832,0.5,0.25
10,1,3.836,3.836,0.5,0.25
10,1,3.84,3.84,0.5,0.25
10,1,3.844,3.844,0.5,0.25
10,1,3.848,3.848,0.5,0.25
10,1,3.852,3.852,0.5,0.25
10,1,3.856,3.856,0.5,0.25
10,1,3.86,3.86,0.5,0.25
10,1,3.864,3.864,0.5,0.25
10,1,3.868,3.868,0.5,0.25
10,1,3.872,3.872,0.5,0.25
10,1,3.876,3.876,0.5,0.25
10,1,3.88,3.88,0.5,0.25
10,1,3.884,3.884,0.5,0.25
10,1,3.888,3.888,0.5,0.25
10,1,3.892,3.892,0.5,0.25
10,1,3.896,3.896,0.5,0.25
10,1,3.9,3.9,0.5,0.25
10,1,3.904,3.904,0.5,0.25
10,1,3.908,3.908,0.5,0.25
10,1,3.912,3.912,0.5,0.25
10,1,3.916,3.916,0.5,0.25
10,1,3.92,3.92,0.5,0.25
10,1,3.924,3.924,0.5,0.25
10,1,3.928,3.928,0.5,0.25
10,1,3.932,3.932,0.5,0.25
10,1,3.936,3.936,0.5,0.25
10,1,3.94,3.94,0.5,0.25
10,1,3.944,3.944,0.5,0.25
10,1,3.948,3.948,0.5,0.25
10,1,3.952,3.952,0.5,0.25
10,1,3.956,3.956,0.5,0.25
10,1,3.96,3.96,0.5,0.25
10,1,3.964,3.964,0.5,0.25
10,1,3.968,3.968,0.5,0.25
10,1,3.972,3.972,0.5,0.25
10,1,3.976,3.976,0.5,0.25
10,1,3.98,3.98,0.5,0.25
10,1,3.984,3.984,0.5,0.25
10,1,3.988,3.988,0.5,0.25
10,1,3.992,3.992,0.5,0.25
10,1,3.996,3.996,0.5,0.25
10,1,4,4,0.5,0.25
