"Density","vtkValidPointMask","arc_length","Points:0","Points:1","Points:2"
1,1,0,0,0.5,0.25
1,1,0.005,0.005,0.5,0.25
1,1,0.01,0.01,0.5,0.25
1,1,0.015,0.015,0.5,0.25
1,1,0.02,0.02,0.5,0.25
1,1,0.025,0.025,0.5,0.25
1,1,0.03,0.03,0.5,0.25
1,1,0.035,0.035,0.5,0.25
1,1,0.04,0.04,0.5,0.25
1,1,0.045,0.045,0.5,0.25
1,1,0.05,0.05,0.5,0.25
1,1,0.055,0.055,0.5,0.25
1,1,0.06,0.06,0.5,0.25
1,1,0.065,0.065,0.5,0.25
1,1,0.07,0.07,0.5,0.25
1,1,0.075,0.075,0.5,0.25
1,1,0.08,0.08,0.5,0.25
1,1,0.085,0.085,0.5,0.25
1,1,0.09,0.09,0.5,0.25
1,1,0.095,0.095,0.5,0.25
1,1,0.1,0.1,0.5,0.25
1,1,0.105,0.105,0.5,0.25
1,1,0.11,0.11,0.5,0.25
1,1,0.115,0.115,0.5,0.25
1,1,0.12,0.12,0.5,0.25
1,1,0.125,0.125,0.5,0.25
1,1,0.13,0.13,0.5,0.25
1,1,0.135,0.135,0.5,0.25
1,1,0.14,0.14,0.5,0.25
1,1,0.145,0.145,0.5,0.25
1,1,0.15,0.15,0.5,0.25
1,1,0.155,0.155,0.5,0.25
1,1,0.16,0.16,0.5,0.25
1,1,0.165,0.165,0.5,0.25
1,1,0.17,0.17,0.5,0.25
1,1,0.175,0.175,0.5,0.25
1,1,0.18,0.18,0.5,0.25
1,1,0.185,0.185,0.5,0.25
1,1,0.19,0.19,0.5,0.25
1,1,0.195,0.195,0.5,0.25
1,1,0.2,0.2,0.5,0.25
1,1,0.205,0.205,0.5,0.25
1,1,0.21,0.21,0.5,0.25
1,1,0.215,0.215,0.5,0.25
1,1,0.22,0.22,0.5,0.25
1,1,0.225,0.225,0.5,0.25
1,1,0.23,0.23,0.5,0.25
1,1,0.235,0.235,0.5,0.25
1,1,0.24,0.24,0.5,0.25
1,1,0.245,0.245,0.5,0.25
1,1,0.25,0.25,0.5,0.25
1,1,0.255,0.255,0.5,0.25
1,1,0.26,0.26,0.5,0.25
1,1,0.265,0.265,0.5,0.25
1,1,0.27,0.27,0.5,0.25
1,1,0.275,0.275,0.5,0.25
1,1,0.28,0.28,0.5,0.25
1,1,0.285,0.285,0.5,0.25
1,1,0.29,0.29,0.5,0.25
1,1,0.295,0.295,0.5,0.25
1,1,0.3,0.3,0.5,0.25
1,1,0.305,0.305,0.5,0.25
1,1,0.31,0.31,0.5,0.25
1,1,0.315,0.315,0.5,0.25
1,1,0.32,0.32,0.5,0.25
1,1,0.325,0.325,0.5,0.25
1,1,0.33,0.33,0.5,0.25
1,1,0.335,0.335,0.5,0.25
1,1,0.34,0.34,0.5,0.25
1,1,0.345,0.345,0.5,0.25
1,1,0.35,0.35,0.5,0.25
1,1,0.355,0.355,0.5,0.25
1,1,0.36,0.36,0.5,0.25
1,1,0.365,0.365,0.5,0.25
1,1,0.37,0.37,0.5,0.25
1,1,0.375,0.375,0.5,0.25
1,1,0.38,0.38,0.5,0.25
1,1,0.385,0.385,0.5,0.25
1,1,0.39,0.39,0.5,0.25
1,1,0.395,0.395,0.5,0.25
1,1,0.4,0.4,0.5,0.25
1,1,0.405,0.405,0.5,0.25
1,1,0.41,0.41,0.5,0.25
1,1,0.415,0.415,0.5,0.25
1,1,0.42,0.42,0.5,0.25
1,1,0.425,0.425,0.5,0.25
1,1,0.43,0.43,0.5,0.25
1,1,0.435,0.435,0.5,0.25
1,1,0.44,0.44,0.5,0.25
1,1,0.445,0.445,0.5,0.25
1,1,0.45,0.45,0.5,0.25
1,1,0.455,0.455,0.5,0.25
1,1,0.46,0.46,0.5,0.25
1,1,0.465,0.465,0.5,0.25
1,1,0.47,0.47,0.5,0.25
1,1,0.475,0.475,0.5,0.25
1,1,0.48,0.48,0.5,0.25
1,1,0.485,0.485,0.5,0.25
1,1,0.49,0.49,0.5,0.25
1,1,0.495,0.495,0.5,0.25
1,1,0.5,0.5,0.5,0.25
1,1,0.505,0.505,0.5,0.25
1,1,0.51,0.51,0.5,0.25
1,1,0.515,0.515,0.5,0.25
1,1,0.52,0.52,0.5,0.25
1,1,0.525,0.525,0.5,0.25
1,1,0.53,0.53,0.5,0.25
1,1,0.535,0.535,0.5,0.25
1,1,0.54,0.54,0.5,0.25
1,1,0.545,0.545,0.5,0.25
1,1,0.55,0.55,0.5,0.25
1,1,0.555,0.555,0.5,0.25
1,1,0.56,0.56,0.5,0.25
1,1,0.565,0.565,0.5,0.25
1,1,0.57,0.57,0.5,0.25
1,1,0.575,0.575,0.5,0.25
1,1,0.58,0.58,0.5,0.25
1,1,0.585,0.585,0.5,0.25
1,1,0.59,0.59,0.5,0.25
1,1,0.595,0.595,0.5,0.25
1,1,0.6,0.6,0.5,0.25
1,1,0.605,0.605,0.5,0.25
1,1,0.61,0.61,0.5,0.25
1,1,0.615,0.615,0.5,0.25
1,1,0.62,0.62,0.5,0.25
1,1,0.625,0.625,0.5,0.25
1,1,0.63,0.63,0.5,0.25
1,1,0.635,0.635,0.5,0.25
1,1,0.64,0.64,0.5,0.25
1,1,0.645,0.645,0.5,0.25
1,1,0.65,0.65,0.5,0.25
1,1,0.655,0.655,0.5,0.25
1,1,0.66,0.66,0.5,0.25
1,1,0.665,0.665,0.5,0.25
1,1,0.67,0.67,0.5,0.25
1,1,0.675,0.675,0.5,0.25
1,1,0.68,0.68,0.5,0.25
1,1,0.685,0.685,0.5,0.25
1,1,0.69,0.69,0.5,0.25
1,1,0.695,0.695,0.5,0.25
1,1,0.7,0.7,0.5,0.25
1,1,0.705,0.705,0.5,0.25
1,1,0.71,0.71,0.5,0.25
1,1,0.715,0.715,0.5,0.25
1,1,0.72,0.72,0.5,0.25
0.99999,1,0.725,0.725,0.5,0.25
0.99999,1,0.73,0.73,0.5,0.25
0.99999,1,0.735,0.735,0.5,0.25
0.99999,1,0.74,0.74,0.5,0.25
0.99999,1,0.745,0.745,0.5,0.25
0.99999,1,0.75,0.75,0.5,0.25
0.99999,1,0.755,0.755,0.5,0.25
0.99999,1,0.76,0.76,0.5,0.25
0.99999,1,0.765,0.765,0.5,0.25
0.99999,1,0.77,0.77,0.5,0.25
0.99999,1,0.775,0.775,0.5,0.25
0.99999,1,0.78,0.78,0.5,0.25
0.99999,1,0.785,0.785,0.5,0.25
0.99999,1,0.79,0.79,0.5,0.25
0.99999,1,0.795,0.795,0.5,0.25
0.99999,1,0.8,0.8,0.5,0.25
1,1,0.805,0.805,0.5,0.25
1,1,0.81,0.81,0.5,0.25
1,1,0.815,0.815,0.5,0.25
1,1,0.82,0.82,0.5,0.25
1,1,0.825,0.825,0.5,0.25
1,1,0.83,0.83,0.5,0.25
1,1,0.835,0.835,0.5,0.25
1,1,0.84,0.84,0.5,0.25
1,1,0.845,0.845,0.5,0.25
1,1,0.85,0.85,0.5,0.25
1,1,0.855,0.855,0.5,0.25
1,1,0.86,0.86,0.5,0.25
1,1,0.865,0.865,0.5,0.25
1,1,0.87,0.87,0.5,0.25
1,1,0.875,0.875,0.5,0.25
1,1,0.88,0.88,0.5,0.25
1,1,0.885,0.885,0.5,0.25
1.0001,1,0.89,0.89,0.5,0.25
1,1,0.895,0.895,0.5,0.25
1,1,0.9,0.9,0.5,0.25
1,1,0.905,0.905,0.5,0.25
1,1,0.91,0.91,0.5,0.25
0.99999,1,0.915,0.915,0.5,0.25
0.99997,1,0.92,0.92,0.5,0.25
0.99995,1,0.925,0.925,0.5,0.25
0.99992,1,0.93,0.93,0.5,0.25
0.9999,1,0.935,0.935,0.5,0.25
0.99988,1,0.94,0.94,0.5,0.25
0.99986,1,0.945,0.945,0.5,0.25
0.99983,1,0.95,0.95,0.5,0.25
0.99981,1,0.955,0.955,0.5,0.25
0.99979,1,0.96,0.96,0.5,0.25
0.99977,1,0.965,0.965,0.5,0.25
0.99974,1,0.97,0.97,0.5,0.25
0.99972,1,0.975,0.975,0.5,0.25
0.9997,1,0.98,0.98,0.5,0.25
0.99968,1,0.985,0.985,0.5,0.25
0.99966,1,0.99,0.99,0.5,0.25
0.99966,1,0.995,0.995,0.5,0.25
0.99969,1,1,1,0.5,0.25
0.99972,1,1.005,1.005,0.5,0.25
0.99975,1,1.01,1.01,0.5,0.25
0.99978,1,1.015,1.015,0.5,0.25
0.99981,1,1.02,1.02,0.5,0.25
0.99986,1,1.025,1.025,0.5,0.25
0.99998,1,1.03,1.03,0.5,0.25
1.0001,1,1.035,1.035,0.5,0.25
1.0002,1,1.04,1.04,0.5,0.25
1.0003,1,1.045,1.045,0.5,0.25
1.0004,1,1.05,1.05,0.5,0.25
1.0005,1,1.055,1.055,0.5,0.25
1.0007,1,1.06,1.06,0.5,0.25
1.0008,1,1.065,1.065,0.5,0.25
1.001,1,1.07,1.07,0.5,0.25
1.0011,1,1.075,1.075,0.5,0.25
1.0012,1,1.08,1.08,0.5,0.25
1.0014,1,1.085,1.085,0.5,0.25
1.0015,1,1.09,1.09,0.5,0.25
1.0016,1,1.095,1.095,0.5,0.25
1.0018,1,1.1,1.1,0.5,0.25
1.0022,1,1.105,1.105,0.5,0.25
1.0025,1,1.11,1.11,0.5,0.25
1.0024,1,1.115,1.115,0.5,0.25
1.0023,1,1.12,1.12,0.5,0.25
1.0022,1,1.125,1.125,0.5,0.25
1.0021,1,1.13,1.13,0.5,0.25
1.002,1,1.135,1.135,0.5,0.25
1.0019,1,1.14,1.14,0.5,0.25
1.0018,1,1.145,1.145,0.5,0.25
1.0017,1,1.15,1.15,0.5,0.25
1.0014,1,1.155,1.155,0.5,0.25
1.0012,1,1.16,1.16,0.5,0.25
1.001,1,1.165,1.165,0.5,0.25
1.0008,1,1.17,1.17,0.5,0.25
1.0006,1,1.175,1.175,0.5,0.25
1.0004,1,1.18,1.18,0.5,0.25
1.0002,1,1.185,1.185,0.5,0.25
0.99935,1,1.19,1.19,0.5,0.25
0.99861,1,1.195,1.195,0.5,0.25
0.99784,1,1.2,1.2,0.5,0.25
0.99708,1,1.205,1.205,0.5,0.25
0.99632,1,1.21,1.21,0.5,0.25
0.99555,1,1.215,1.215,0.5,0.25
0.99479,1,1.22,1.22,0.5,0.25
0.99349,1,1.225,1.225,0.5,0.25
0.9926,1,1.23,1.23,0.5,0.25
0.9917,1,1.235,1.235,0.5,0.25
0.99039,1,1.24,1.24,0.5,0.25
0.98903,1,1.245,1.245,0.5,0.25
0.98767,1,1.25,1.25,0.5,0.25
0.98632,1,1.255,1.255,0.5,0.25
0.98496,1,1.26,1.26,0.5,0.25
0.98341,1,1.265,1.265,0.5,0.25
0.98164,1,1.27,1.27,0.5,0.25
0.97987,1,1.275,1.275,0.5,0.25
0.9781,1,1.28,1.28,0.5,0.25
0.97633,1,1.285,1.285,0.5,0.25
0.97456,1,1.29,1.29,0.5,0.25
0.9728,1,1.295,1.295,0.5,0.25
0.97076,1,1.3,1.3,0.5,0.25
0.96889,1,1.305,1.305,0.5,0.25
0.96701,1,1.31,1.31,0.5,0.25
0.96514,1,1.315,1.315,0.5,0.25
0.96326,1,1.32,1.32,0.5,0.25
0.96093,1,1.325,1.325,0.5,0.25
0.95863,1,1.33,1.33,0.5,0.25
0.95633,1,1.335,1.335,0.5,0.25
0.95403,1,1.34,1.34,0.5,0.25
0.95173,1,1.345,1.345,0.5,0.25
0.94943,1,1.35,1.35,0.5,0.25
0.94713,1,1.355,1.355,0.5,0.25
0.94492,1,1.36,1.36,0.5,0.25
0.94228,1,1.365,1.365,0.5,0.25
0.9399,1,1.37,1.37,0.5,0.25
0.93734,1,1.375,1.375,0.5,0.25
0.93493,1,1.38,1.38,0.5,0.25
0.93252,1,1.385,1.385,0.5,0.25
0.93011,1,1.39,1.39,0.5,0.25
0.92734,1,1.395,1.395,0.5,0.25
0.92494,1,1.4,1.4,0.5,0.25
0.92225,1,1.405,1.405,0.5,0.25
0.9197,1,1.41,1.41,0.5,0.25
0.917,1,1.415,1.415,0.5,0.25
0.91429,1,1.42,1.42,0.5,0.25
0.91159,1,1.425,1.425,0.5,0.25
0.90888,1,1.43,1.43,0.5,0.25
0.90617,1,1.435,1.435,0.5,0.25
0.90347,1,1.44,1.44,0.5,0.25
0.9009,1,1.445,1.445,0.5,0.25
0.89816,1,1.45,1.45,0.5,0.25
0.89542,1,1.455,1.455,0.5,0.25
0.89268,1,1.46,1.46,0.5,0.25
0.88994,1,1.465,1.465,0.5,0.25
0.8872,1,1.47,1.47,0.5,0.25
0.88446,1,1.475,1.475,0.5,0.25
0.88172,1,1.48,1.48,0.5,0.25
0.87898,1,1.485,1.485,0.5,0.25
0.87626,1,1.49,1.49,0.5,0.25
0.87348,1,1.495,1.495,0.5,0.25
0.87071,1,1.5,1.5,0.5,0.25
0.86793,1,1.505,1.505,0.5,0.25
0.86515,1,1.51,1.51,0.5,0.25
0.86247,1,1.515,1.515,0.5,0.25
0.85969,1,1.52,1.52,0.5,0.25
0.85704,1,1.525,1.525,0.5,0.25
0.85424,1,1.53,1.53,0.5,0.25
0.85144,1,1.535,1.535,0.5,0.25
0.84864,1,1.54,1.54,0.5,0.25
0.84584,1,1.545,1.545,0.5,0.25
0.84304,1,1.55,1.55,0.5,0.25
0.84024,1,1.555,1.555,0.5,0.25
0.83744,1,1.56,1.56,0.5,0.25
0.83464,1,1.565,1.565,0.5,0.25
0.83184,1,1.57,1.57,0.5,0.25
0.82904,1,1.575,1.575,0.5,0.25
0.82625,1,1.58,1.58,0.5,0.25
0.82345,1,1.585,1.585,0.5,0.25
0.8208,1,1.59,1.59,0.5,0.25
0.81801,1,1.595,1.595,0.5,0.25
0.81538,1,1.6,1.6,0.5,0.25
0.81262,1,1.605,1.605,0.5,0.25
0.80998,1,1.61,1.61,0.5,0.25
0.80723,1,1.615,1.615,0.5,0.25
0.80447,1,1.62,1.62,0.5,0.25
0.80171,1,1.625,1.625,0.5,0.25
0.79896,1,1.63,1.63,0.5,0.25
0.7962,1,1.635,1.635,0.5,0.25
0.79355,1,1.64,1.64,0.5,0.25
0.7908,1,1.645,1.645,0.5,0.25
0.78804,1,1.65,1.65,0.5,0.25
0.78528,1,1.655,1.655,0.5,0.25
0.78253,1,1.66,1.66,0.5,0.25
0.77977,1,1.665,1.665,0.5,0.25
0.77701,1,1.67,1.67,0.5,0.25
0.77426,1,1.675,1.675,0.5,0.25
0.77177,1,1.68,1.68,0.5,0.25
0.76906,1,1.685,1.685,0.5,0.25
0.76636,1,1.69,1.69,0.5,0.25
0.76365,1,1.695,1.695,0.5,0.25
0.76094,1,1.7,1.7,0.5,0.25
0.75824,1,1.705,1.705,0.5,0.25
0.75573,1,1.71,1.71,0.5,0.25
0.75307,1,1.715,1.715,0.5,0.25
0.75041,1,1.72,1.72,0.5,0.25
0.74786,1,1.725,1.725,0.5,0.25
0.74521,1,1.73,1.73,0.5,0.25
0.74255,1,1.735,1.735,0.5,0.25
0.7399,1,1.74,1.74,0.5,0.25
0.73724,1,1.745,1.745,0.5,0.25
0.73458,1,1.75,1.75,0.5,0.25
0.73193,1,1.755,1.755,0.5,0.25
0.72927,1,1.76,1.76,0.5,0.25
0.72662,1,1.765,1.765,0.5,0.25
0.72396,1,1.77,1.77,0.5,0.25
0.7213,1,1.775,1.775,0.5,0.25
0.71865,1,1.78,1.78,0.5,0.25
0.71599,1,1.785,1.785,0.5,0.25
0.71342,1,1.79,1.79,0.5,0.25
0.71075,1,1.795,1.795,0.5,0.25
0.70875,1,1.8,1.8,0.5,0.25
0.7062,1,1.805,1.805,0.5,0.25
0.70364,1,1.81,1.81,0.5,0.25
0.70109,1,1.815,1.815,0.5,0.25
0.69855,1,1.82,1.82,0.5,0.25
0.696,1,1.825,1.825,0.5,0.25
0.69345,1,1.83,1.83,0.5,0.25
0.6909,1,1.835,1.835,0.5,0.25
0.68844,1,1.84,1.84,0.5,0.25
0.6859,1,1.845,1.845,0.5,0.25
0.68336,1,1.85,1.85,0.5,0.25
0.68082,1,1.855,1.855,0.5,0.25
0.67828,1,1.86,1.86,0.5,0.25
0.67574,1,1.865,1.865,0.5,0.25
0.6732,1,1.87,1.87,0.5,0.25
0.67101,1,1.875,1.875,0.5,0.25
0.66855,1,1.88,1.88,0.5,0.25
0.66609,1,1.885,1.885,0.5,0.25
0.66364,1,1.89,1.89,0.5,0.25
0.66118,1,1.895,1.895,0.5,0.25
0.65875,1,1.9,1.9,0.5,0.25
0.65629,1,1.905,1.905,0.5,0.25
0.6539,1,1.91,1.91,0.5,0.25
0.65145,1,1.915,1.915,0.5,0.25
0.64899,1,1.92,1.92,0.5,0.25
0.64654,1,1.925,1.925,0.5,0.25
0.64409,1,1.93,1.93,0.5,0.25
0.64189,1,1.935,1.935,0.5,0.25
0.63946,1,1.94,1.94,0.5,0.25
0.63704,1,1.945,1.945,0.5,0.25
0.63462,1,1.95,1.95,0.5,0.25
0.63246,1,1.955,1.955,0.5,0.25
0.6301,1,1.96,1.96,0.5,0.25
0.62774,1,1.965,1.965,0.5,0.25
0.62538,1,1.97,1.97,0.5,0.25
0.62306,1,1.975,1.975,0.5,0.25
0.62073,1,1.98,1.98,0.5,0.25
0.6184,1,1.985,1.985,0.5,0.25
0.61607,1,1.99,1.99,0.5,0.25
0.61374,1,1.995,1.995,0.5,0.25
0.61141,1,2,2,0.5,0.25
0.60908,1,2.005,2.005,0.5,0.25
0.60708,1,2.01,2.01,0.5,0.25
0.60489,1,2.015,2.015,0.5,0.25
0.60263,1,2.02,2.02,0.5,0.25
0.60036,1,2.025,2.025,0.5,0.25
0.59809,1,2.03,2.03,0.5,0.25
0.59583,1,2.035,2.035,0.5,0.25
0.59356,1,2.04,2.04,0.5,0.25
0.5913,1,2.045,2.045,0.5,0.25
0.58903,1,2.05,2.05,0.5,0.25
0.58676,1,2.055,2.055,0.5,0.25
0.5845,1,2.06,2.06,0.5,0.25
0.58223,1,2.065,2.065,0.5,0.25
0.57997,1,2.07,2.07,0.5,0.25
0.5777,1,2.075,2.075,0.5,0.25
0.57544,1,2.08,2.08,0.5,0.25
0.57317,1,2.085,2.085,0.5,0.25
0.57102,1,2.09,2.09,0.5,0.25
0.56959,1,2.095,2.095,0.5,0.25
0.56745,1,2.1,2.1,0.5,0.25
0.56532,1,2.105,2.105,0.5,0.25
0.56318,1,2.11,2.11,0.5,0.25
0.56105,1,2.115,2.115,0.5,0.25
0.55891,1,2.12,2.12,0.5,0.25
0.55678,1,2.125,2.125,0.5,0.25
0.55464,1,2.13,2.13,0.5,0.25
0.55261,1,2.135,2.135,0.5,0.25
0.55049,1,2.14,2.14,0.5,0.25
0.54838,1,2.145,2.145,0.5,0.25
0.54626,1,2.15,2.15,0.5,0.25
0.54414,1,2.155,2.155,0.5,0.25
0.54203,1,2.16,2.16,0.5,0.25
0.53991,1,2.165,2.165,0.5,0.25
0.53779,1,2.17,2.17,0.5,0.25
0.53611,1,2.175,2.175,0.5,0.25
0.53411,1,2.18,2.18,0.5,0.25
0.5321,1,2.185,2.185,0.5,0.25
0.53009,1,2.19,2.19,0.5,0.25
0.52809,1,2.195,2.195,0.5,0.25
0.52608,1,2.2,2.2,0.5,0.25
0.52438,1,2.205,2.205,0.5,0.25
0.52245,1,2.21,2.21,0.5,0.25
0.52051,1,2.215,2.215,0.5,0.25
0.51857,1,2.22,2.22,0.5,0.25
0.51663,1,2.225,2.225,0.5,0.25
0.51469,1,2.23,2.23,0.5,0.25
0.51276,1,2.235,2.235,0.5,0.25
0.51082,1,2.24,2.24,0.5,0.25
0.50888,1,2.245,2.245,0.5,0.25
0.50708,1,2.25,2.25,0.5,0.25
0.50515,1,2.255,2.255,0.5,0.25
0.50322,1,2.26,2.26,0.5,0.25
0.50129,1,2.265,2.265,0.5,0.25
0.49935,1,2.27,2.27,0.5,0.25
0.49742,1,2.275,2.275,0.5,0.25
0.49584,1,2.28,2.28,0.5,0.25
0.49395,1,2.285,2.285,0.5,0.25
0.49268,1,2.29,2.29,0.5,0.25
0.49095,1,2.295,2.295,0.5,0.25
0.48922,1,2.3,2.3,0.5,0.25
0.48759,1,2.305,2.305,0.5,0.25
0.48586,1,2.31,2.31,0.5,0.25
0.48413,1,2.315,2.315,0.5,0.25
0.48239,1,2.32,2.32,0.5,0.25
0.48066,1,2.325,2.325,0.5,0.25
0.47893,1,2.33,2.33,0.5,0.25
0.4772,1,2.335,2.335,0.5,0.25
0.47547,1,2.34,2.34,0.5,0.25
0.47374,1,2.345,2.345,0.5,0.25
0.47201,1,2.35,2.35,0.5,0.25
0.47028,1,2.355,2.355,0.5,0.25
0.46855,1,2.36,2.36,0.5,0.25
0.46681,1,2.365,2.365,0.5,0.25
0.46508,1,2.37,2.37,0.5,0.25
0.46335,1,2.375,2.375,0.5,0.25
0.46162,1,2.38,2.38,0.5,0.25
0.45989,1,2.385,2.385,0.5,0.25
0.45944,1,2.39,2.39,0.5,0.25
0.458,1,2.395,2.395,0.5,0.25
0.45655,1,2.4,2.4,0.5,0.25
0.45511,1,2.405,2.405,0.5,0.25
0.45366,1,2.41,2.41,0.5,0.25
0.45221,1,2.415,2.415,0.5,0.25
0.45077,1,2.42,2.42,0.5,0.25
0.44932,1,2.425,2.425,0.5,0.25
0.44788,1,2.43,2.43,0.5,0.25
0.44648,1,2.435,2.435,0.5,0.25
0.44506,1,2.44,2.44,0.5,0.25
0.44364,1,2.445,2.445,0.5,0.25
0.44222,1,2.45,2.45,0.5,0.25
0.4408,1,2.455,2.455,0.5,0.25
0.43938,1,2.46,2.46,0.5,0.25
0.43795,1,2.465,2.465,0.5,0.25
0.43671,1,2.47,2.47,0.5,0.25
0.43533,1,2.475,2.475,0.5,0.25
0.43455,1,2.48,2.48,0.5,0.25
0.43376,1,2.485,2.485,0.5,0.25
0.43292,1,2.49,2.49,0.5,0.25
0.43213,1,2.495,2.495,0.5,0.25
0.43135,1,2.5,2.5,0.5,0.25
0.43056,1,2.505,2.505,0.5,0.25
0.42978,1,2.51,2.51,0.5,0.25
0.42899,1,2.515,2.515,0.5,0.25
0.4282,1,2.52,2.52,0.5,0.25
0.42745,1,2.525,2.525,0.5,0.25
0.42674,1,2.53,2.53,0.5,0.25
0.42603,1,2.535,2.535,0.5,0.25
0.42533,1,2.54,2.54,0.5,0.25
0.42462,1,2.545,2.545,0.5,0.25
0.42391,1,2.55,2.55,0.5,0.25
0.4232,1,2.555,2.555,0.5,0.25
0.42249,1,2.56,2.56,0.5,0.25
0.42309,1,2.565,2.565,0.5,0.25
0.42311,1,2.57,2.57,0.5,0.25
0.42314,1,2.575,2.575,0.5,0.25
0.42316,1,2.58,2.58,0.5,0.25
0.42319,1,2.585,2.585,0.5,0.25
0.42321,1,2.59,2.59,0.5,0.25
0.42323,1,2.595,2.595,0.5,0.25
0.42389,1,2.6,2.6,0.5,0.25
0.4241,1,2.605,2.605,0.5,0.25
0.42429,1,2.61,2.61,0.5,0.25
0.42448,1,2.615,2.615,0.5,0.25
0.42467,1,2.62,2.62,0.5,0.25
0.42487,1,2.625,2.625,0.5,0.25
0.42506,1,2.63,2.63,0.5,0.25
0.42525,1,2.635,2.635,0.5,0.25
0.42544,1,2.64,2.64,0.5,0.25
0.42564,1,2.645,2.645,0.5,0.25
0.42583,1,2.65,2.65,0.5,0.25
0.42602,1,2.655,2.655,0.5,0.25
0.42621,1,2.66,2.66,0.5,0.25
0.4264,1,2.665,2.665,0.5,0.25
0.4266,1,2.67,2.67,0.5,0.25
0.42679,1,2.675,2.675,0.5,0.25
0.42593,1,2.68,2.68,0.5,0.25
0.42579,1,2.685,2.685,0.5,0.25
0.42565,1,2.69,2.69,0.5,0.25
0.4263,1,2.695,2.695,0.5,0.25
0.42621,1,2.7,2.7,0.5,0.25
0.42613,1,2.705,2.705,0.5,0.25
0.42604,1,2.71,2.71,0.5,0.25
0.42591,1,2.715,2.715,0.5,0.25
0.42577,1,2.72,2.72,0.5,0.25
0.42563,1,2.725,2.725,0.5,0.25
0.42549,1,2.73,2.73,0.5,0.25
0.42535,1,2.735,2.735,0.5,0.25
0.42536,1,2.74,2.74,0.5,0.25
0.42526,1,2.745,2.745,0.5,0.25
0.42515,1,2.75,2.75,0.5,0.25
0.42504,1,2.755,2.755,0.5,0.25
0.42493,1,2.76,2.76,0.5,0.25
0.42483,1,2.765,2.765,0.5,0.25
0.42472,1,2.77,2.77,0.5,0.25
0.42464,1,2.775,2.775,0.5,0.25
0.42454,1,2.78,2.78,0.5,0.25
0.42444,1,2.785,2.785,0.5,0.25
0.42359,1,2.79,2.79,0.5,0.25
0.42351,1,2.795,2.795,0.5,0.25
0.4235,1,2.8,2.8,0.5,0.25
0.42338,1,2.805,2.805,0.5,0.25
0.42325,1,2.81,2.81,0.5,0.25
0.42313,1,2.815,2.815,0.5,0.25
0.42301,1,2.82,2.82,0.5,0.25
0.42289,1,2.825,2.825,0.5,0.25
0.42276,1,2.83,2.83,0.5,0.25
0.42278,1,2.835,2.835,0.5,0.25
0.42268,1,2.84,2.84,0.5,0.25
0.42258,1,2.845,2.845,0.5,0.25
0.42247,1,2.85,2.85,0.5,0.25
0.42237,1,2.855,2.855,0.5,0.25
0.42226,1,2.86,2.86,0.5,0.25
0.42216,1,2.865,2.865,0.5,0.25
0.42271,1,2.87,2.87,0.5,0.25
0.42279,1,2.875,2.875,0.5,0.25
0.42221,1,2.88,2.88,0.5,0.25
0.42221,1,2.885,2.885,0.5,0.25
0.42271,1,2.89,2.89,0.5,0.25
0.42279,1,2.895,2.895,0.5,0.25
0.42286,1,2.9,2.9,0.5,0.25
0.42294,1,2.905,2.905,0.5,0.25
0.42302,1,2.91,2.91,0.5,0.25
0.4231,1,2.915,2.915,0.5,0.25
0.42317,1,2.92,2.92,0.5,0.25
0.42325,1,2.925,2.925,0.5,0.25
0.42333,1,2.93,2.93,0.5,0.25
0.4234,1,2.935,2.935,0.5,0.25
0.42348,1,2.94,2.94,0.5,0.25
0.42356,1,2.945,2.945,0.5,0.25
0.42364,1,2.95,2.95,0.5,0.25
0.42371,1,2.955,2.955,0.5,0.25
0.42379,1,2.96,2.96,0.5,0.25
0.42387,1,2.965,2.965,0.5,0.25
0.42395,1,2.97,2.97,0.5,0.25
0.42402,1,2.975,2.975,0.5,0.25
0.42404,1,2.98,2.98,0.5,0.25
0.42445,1,2.985,2.985,0.5,0.25
0.42451,1,2.99,2.99,0.5,0.25
0.42457,1,2.995,2.995,0.5,0.25
0.42463,1,3,3,0.5,0.25
0.42469,1,3.005,3.005,0.5,0.25
0.42475,1,3.01,3.01,0.5,0.25
0.42481,1,3.015,3.015,0.5,0.25
0.42487,1,3.02,3.02,0.5,0.25
0.42493,1,3.025,3.025,0.5,0.25
0.42501,1,3.03,3.03,0.5,0.25
0.42505,1,3.035,3.035,0.5,0.25
0.4251,1,3.04,3.04,0.5,0.25
0.42515,1,3.045,3.045,0.5,0.25
0.4252,1,3.05,3.05,0.5,0.25
0.42524,1,3.055,3.055,0.5,0.25
0.42529,1,3.06,3.06,0.5,0.25
0.42534,1,3.065,3.065,0.5,0.25
0.42509,1,3.07,3.07,0.5,0.25
0.42509,1,3.075,3.075,0.5,0.25
0.42445,1,3.08,3.08,0.5,0.25
0.42437,1,3.085,3.085,0.5,0.25
0.42465,1,3.09,3.09,0.5,0.25
0.42459,1,3.095,3.095,0.5,0.25
0.42453,1,3.1,3.1,0.5,0.25
0.42446,1,3.105,3.105,0.5,0.25
0.4244,1,3.11,3.11,0.5,0.25
0.42434,1,3.115,3.115,0.5,0.25
0.42437,1,3.12,3.12,0.5,0.25
0.42434,1,3.125,3.125,0.5,0.25
0.4243,1,3.13,3.13,0.5,0.25
0.42427,1,3.135,3.135,0.5,0.25
0.42424,1,3.14,3.14,0.5,0.25
0.4242,1,3.145,3.145,0.5,0.25
0.42417,1,3.15,3.15,0.5,0.25
0.42414,1,3.155,3.155,0.5,0.25
0.42411,1,3.16,3.16,0.5,0.25
0.42456,1,3.165,3.165,0.5,0.25
0.42444,1,3.17,3.17,0.5,0.25
0.42431,1,3.175,3.175,0.5,0.25
0.42419,1,3.18,3.18,0.5,0.25
0.42406,1,3.185,3.185,0.5,0.25
0.42394,1,3.19,3.19,0.5,0.25
0.42382,1,3.195,3.195,0.5,0.25
0.42465,1,3.2,3.2,0.5,0.25
0.42445,1,3.205,3.205,0.5,0.25
0.42449,1,3.21,3.21,0.5,0.25
0.42428,1,3.215,3.215,0.5,0.25
0.42406,1,3.22,3.22,0.5,0.25
0.42385,1,3.225,3.225,0.5,0.25
0.42364,1,3.23,3.23,0.5,0.25
0.42342,1,3.235,3.235,0.5,0.25
0.42321,1,3.24,3.24,0.5,0.25
0.42291,1,3.245,3.245,0.5,0.25
0.42253,1,3.25,3.25,0.5,0.25
0.42214,1,3.255,3.255,0.5,0.25
0.42175,1,3.26,3.26,0.5,0.25
0.42137,1,3.265,3.265,0.5,0.25
0.42124,1,3.27,3.27,0.5,0.25
0.4202,1,3.275,3.275,0.5,0.25
0.41916,1,3.28,3.28,0.5,0.25
0.41812,1,3.285,3.285,0.5,0.25
0.41709,1,3.29,3.29,0.5,0.25
0.41814,1,3.295,3.295,0.5,0.25
0.41593,1,3.3,3.3,0.5,0.25
0.41373,1,3.305,3.305,0.5,0.25
0.41152,1,3.31,3.31,0.5,0.25
0.41198,1,3.315,3.315,0.5,0.25
0.40889,1,3.32,3.32,0.5,0.25
0.4058,1,3.325,3.325,0.5,0.25
0.40271,1,3.33,3.33,0.5,0.25
0.39961,1,3.335,3.335,0.5,0.25
0.39652,1,3.34,3.34,0.5,0.25
0.39343,1,3.345,3.345,0.5,0.25
0.39034,1,3.35,3.35,0.5,0.25
0.38799,1,3.355,3.355,0.5,0.25
0.3838,1,3.36,3.36,0.5,0.25
0.3796,1,3.365,3.365,0.5,0.25
0.37541,1,3.37,3.37,0.5,0.25
0.37122,1,3.375,3.375,0.5,0.25
0.36703,1,3.38,3.38,0.5,0.25
0.36284,1,3.385,3.385,0.5,0.25
0.35814,1,3.39,3.39,0.5,0.25
0.35364,1,3.395,3.395,0.5,0.25
0.34915,1,3.4,3.4,0.5,0.25
0.34466,1,3.405,3.405,0.5,0.25
0.34017,1,3.41,3.41,0.5,0.25
0.33567,1,3.415,3.415,0.5,0.25
0.33118,1,3.42,3.42,0.5,0.25
0.32669,1,3.425,3.425,0.5,0.25
0.32219,1,3.43,3.43,0.5,0.25
0.31763,1,3.435,3.435,0.5,0.25
0.31341,1,3.44,3.44,0.5,0.25
0.30919,1,3.445,3.445,0.5,0.25
0.30498,1,3.45,3.45,0.5,0.25
0.30076,1,3.455,3.455,0.5,0.25
0.29655,1,3.46,3.46,0.5,0.25
0.29233,1,3.465,3.465,0.5,0.25
0.2885,1,3.47,3.47,0.5,0.25
0.28267,1,3.475,3.475,0.5,0.25
0.27565,1,3.48,3.48,0.5,0.25
0.27483,1,3.485,3.485,0.5,0.25
0.274,1,3.49,3.49,0.5,0.25
0.27318,1,3.495,3.495,0.5,0.25
0.27236,1,3.5,3.5,0.5,0.25
0.27154,1,3.505,3.505,0.5,0.25
0.27072,1,3.51,3.51,0.5,0.25
0.26989,1,3.515,3.515,0.5,0.25
0.26907,1,3.52,3.52,0.5,0.25
0.26825,1,3.525,3.525,0.5,0.25
0.26743,1,3.53,3.53,0.5,0.25
0.26661,1,3.535,3.535,0.5,0.25
0.26578,1,3.54,3.54,0.5,0.25
0.26496,1,3.545,3.545,0.5,0.25
0.26414,1,3.55,3.55,0.5,0.25
0.26332,1,3.555,3.555,0.5,0.25
0.26249,1,3.56,3.56,0.5,0.25
0.26167,1,3.565,3.565,0.5,0.25
0.2623,1,3.57,3.57,0.5,0.25
0.26159,1,3.575,3.575,0.5,0.25
0.2618,1,3.58,3.58,0.5,0.25
0.262,1,3.585,3.585,0.5,0.25
0.2622,1,3.59,3.59,0.5,0.25
0.2624,1,3.595,3.595,0.5,0.25
0.26261,1,3.6,3.6,0.5,0.25
0.26281,1,3.605,3.605,0.5,0.25
0.26301,1,3.61,3.61,0.5,0.25
0.26321,1,3.615,3.615,0.5,0.25
0.26342,1,3.62,3.62,0.5,0.25
0.26376,1,3.625,3.625,0.5,0.25
0.26399,1,3.63,3.63,0.5,0.25
0.26423,1,3.635,3.635,0.5,0.25
0.26447,1,3.64,3.64,0.5,0.25
0.26471,1,3.645,3.645,0.5,0.25
0.26494,1,3.65,3.65,0.5,0.25
0.26518,1,3.655,3.655,0.5,0.25
0.26542,1,3.66,3.66,0.5,0.25
0.26577,1,3.665,3.665,0.5,0.25
0.26626,1,3.67,3.67,0.5,0.25
0.26628,1,3.675,3.675,0.5,0.25
0.26661,1,3.68,3.68,0.5,0.25
0.2666,1,3.685,3.685,0.5,0.25
0.26659,1,3.69,3.69,0.5,0.25
0.26658,1,3.695,3.695,0.5,0.25
0.26657,1,3.7,3.7,0.5,0.25
0.26656,1,3.705,3.705,0.5,0.25
0.26656,1,3.71,3.71,0.5,0.25
0.26656,1,3.715,3.715,0.5,0.25
0.26651,1,3.72,3.72,0.5,0.25
0.26646,1,3.725,3.725,0.5,0.25
0.26642,1,3.73,3.73,0.5,0.25
0.26637,1,3.735,3.735,0.5,0.25
0.26632,1,3.74,3.74,0.5,0.25
0.26627,1,3.745,3.745,0.5,0.25
0.26623,1,3.75,3.75,0.5,0.25
0.26625,1,3.755,3.755,0.5,0.25
0.26619,1,3.76,3.76,0.5,0.25
0.26613,1,3.765,3.765,0.5,0.25
0.26606,1,3.77,3.77,0.5,0.25
0.266,1,3.775,3.775,0.5,0.25
0.26593,1,3.78,3.78,0.5,0.25
0.26587,1,3.785,3.785,0.5,0.25
0.26586,1,3.79,3.79,0.5,0.25
0.26579,1,3.795,3.795,0.5,0.25
0.26572,1,3.8,3.8,0.5,0.25
0.26574,1,3.805,3.805,0.5,0.25
0.26564,1,3.81,3.81,0.5,0.25
0.26555,1,3.815,3.815,0.5,0.25
0.26545,1,3.82,3.82,0.5,0.25
0.26536,1,3.825,3.825,0.5,0.25
0.26526,1,3.83,3.83,0.5,0.25
0.26517,1,3.835,3.835,0.5,0.25
0.26503,1,3.84,3.84,0.5,0.25
0.26495,1,3.845,3.845,0.5,0.25
0.26487,1,3.85,3.85,0.5,0.25
0.26479,1,3.855,3.855,0.5,0.25
0.26434,1,3.86,3.86,0.5,0.25
0.26439,1,3.865,3.865,0.5,0.25
0.26443,1,3.87,3.87,0.5,0.25
0.26448,1,3.875,3.875,0.5,0.25
0.26453,1,3.88,3.88,0.5,0.25
0.26454,1,3.885,3.885,0.5,0.25
0.26461,1,3.89,3.89,0.5,0.25
0.26468,1,3.895,3.895,0.5,0.25
0.26475,1,3.9,3.9,0.5,0.25
0.26475,1,3.905,3.905,0.5,0.25
0.26482,1,3.91,3.91,0.5,0.25
0.26489,1,3.915,3.915,0.5,0.25
0.26495,1,3.92,3.92,0.5,0.25
0.26502,1,3.925,3.925,0.5,0.25
0.26509,1,3.93,3.93,0.5,0.25
0.26516,1,3.935,3.935,0.5,0.25
0.26523,1,3.94,3.94,0.5,0.25
0.26529,1,3.945,3.945,0.5,0.25
0.26524,1,3.95,3.95,0.5,0.25
0.26529,1,3.955,3.955,0.5,0.25
0.26534,1,3.96,3.96,0.5,0.25
0.2654,1,3.965,3.965,0.5,0.25
0.26545,1,3.97,3.97,0.5,0.25
0.2655,1,3.975,3.975,0.5,0.25
0.26556,1,3.98,3.98,0.5,0.25
0.26561,1,3.985,3.985,0.5,0.25
0.26609,1,3.99,3.99,0.5,0.25
0.26613,1,3.995,3.995,0.5,0.25
0.26618,1,4,4,0.5,0.25
0.26623,1,4.005,4.005,0.5,0.25
0.26627,1,4.01,4.01,0.5,0.25
0.26632,1,4.015,4.015,0.5,0.25
0.26637,1,4.02,4.02,0.5,0.25
0.26641,1,4.025,4.025,0.5,0.25
0.26645,1,4.03,4.03,0.5,0.25
0.26653,1,4.035,4.035,0.5,0.25
0.26661,1,4.04,4.04,0.5,0.25
0.26669,1,4.045,4.045,0.5,0.25
0.26678,1,4.05,4.05,0.5,0.25
0.26686,1,4.055,4.055,0.5,0.25
0.26694,1,4.06,4.06,0.5,0.25
0.26727,1,4.065,4.065,0.5,0.25
0.26385,1,4.07,4.07,0.5,0.25
0.26411,1,4.075,4.075,0.5,0.25
0.26436,1,4.08,4.08,0.5,0.25
0.26461,1,4.085,4.085,0.5,0.25
0.26486,1,4.09,4.09,0.5,0.25
0.26511,1,4.095,4.095,0.5,0.25
0.26536,1,4.1,4.1,0.5,0.25
0.26561,1,4.105,4.105,0.5,0.25
0.26587,1,4.11,4.11,0.5,0.25
0.26612,1,4.115,4.115,0.5,0.25
0.26637,1,4.12,4.12,0.5,0.25
0.26662,1,4.125,4.125,0.5,0.25
0.26687,1,4.13,4.13,0.5,0.25
0.26712,1,4.135,4.135,0.5,0.25
0.26738,1,4.14,4.14,0.5,0.25
0.26763,1,4.145,4.145,0.5,0.25
0.26788,1,4.15,4.15,0.5,0.25
0.26813,1,4.155,4.155,0.5,0.25
0.26842,1,4.16,4.16,0.5,0.25
0.26852,1,4.165,4.165,0.5,0.25
0.26655,1,4.17,4.17,0.5,0.25
0.26459,1,4.175,4.175,0.5,0.25
0.26262,1,4.18,4.18,0.5,0.25
0.26066,1,4.185,4.185,0.5,0.25
0.25869,1,4.19,4.19,0.5,0.25
0.25673,1,4.195,4.195,0.5,0.25
0.25476,1,4.2,4.2,0.5,0.25
0.2528,1,4.205,4.205,0.5,0.25
0.25146,1,4.21,4.21,0.5,0.25
0.24875,1,4.215,4.215,0.5,0.25
0.24604,1,4.22,4.22,0.5,0.25
0.24333,1,4.225,4.225,0.5,0.25
0.24062,1,4.23,4.23,0.5,0.25
0.23791,1,4.235,4.235,0.5,0.25
0.2352,1,4.24,4.24,0.5,0.25
0.23249,1,4.245,4.245,0.5,0.25
0.22979,1,4.25,4.25,0.5,0.25
0.21731,1,4.255,4.255,0.5,0.25
0.19885,1,4.26,4.26,0.5,0.25
0.16744,1,4.265,4.265,0.5,0.25
0.16349,1,4.27,4.27,0.5,0.25
0.15953,1,4.275,4.275,0.5,0.25
0.15558,1,4.28,4.28,0.5,0.25
0.15162,1,4.285,4.285,0.5,0.25
0.14766,1,4.29,4.29,0.5,0.25
0.14371,1,4.295,4.295,0.5,0.25
0.13976,1,4.3,4.3,0.5,0.25
0.1358,1,4.305,4.305,0.5,0.25
0.13184,1,4.31,4.31,0.5,0.25
0.12789,1,4.315,4.315,0.5,0.25
0.12393,1,4.32,4.32,0.5,0.25
0.11998,1,4.325,4.325,0.5,0.25
0.11602,1,4.33,4.33,0.5,0.25
0.11891,1,4.335,4.335,0.5,0.25
0.12087,1,4.34,4.34,0.5,0.25
0.12143,1,4.345,4.345,0.5,0.25
0.12199,1,4.35,4.35,0.5,0.25
0.12255,1,4.355,4.355,0.5,0.25
0.1231,1,4.36,4.36,0.5,0.25
0.12366,1,4.365,4.365,0.5,0.25
0.12422,1,4.37,4.37,0.5,0.25
0.12499,1,4.375,4.375,0.5,0.25
0.12504,1,4.38,4.38,0.5,0.25
0.12509,1,4.385,4.385,0.5,0.25
0.12514,1,4.39,4.39,0.5,0.25
0.12519,1,4.395,4.395,0.5,0.25
0.12523,1,4.4,4.4,0.5,0.25
0.12528,1,4.405,4.405,0.5,0.25
0.12533,1,4.41,4.41,0.5,0.25
0.12523,1,4.415,4.415,0.5,0.25
0.1252,1,4.42,4.42,0.5,0.25
0.12517,1,4.425,4.425,0.5,0.25
0.12514,1,4.43,4.43,0.5,0.25
0.12511,1,4.435,4.435,0.5,0.25
0.12508,1,4.44,4.44,0.5,0.25
0.12505,1,4.445,4.445,0.5,0.25
0.12496,1,4.45,4.45,0.5,0.25
0.12493,1,4.455,4.455,0.5,0.25
0.12496,1,4.46,4.46,0.5,0.25
0.12498,1,4.465,4.465,0.5,0.25
0.12498,1,4.47,4.47,0.5,0.25
0.12498,1,4.475,4.475,0.5,0.25
0.12499,1,4.48,4.48,0.5,0.25
0.12499,1,4.485,4.485,0.5,0.25
0.12499,1,4.49,4.49,0.5,0.25
0.12499,1,4.495,4.495,0.5,0.25
0.12499,1,4.5,4.5,0.5,0.25
0.125,1,4.505,4.505,0.5,0.25
0.125,1,4.51,4.51,0.5,0.25
0.125,1,4.515,4.515,0.5,0.25
0.125,1,4.52,4.52,0.5,0.25
0.125,1,4.525,4.525,0.5,0.25
0.125,1,4.53,4.53,0.5,0.25
0.125,1,4.535,4.535,0.5,0.25
0.125,1,4.54,4.54,0.5,0.25
0.125,1,4.545,4.545,0.5,0.25
0.125,1,4.55,4.55,0.5,0.25
0.125,1,4.555,4.555,0.5,0.25
0.125,1,4.56,4.56,0.5,0.25
0.125,1,4.565,4.565,0.5,0.25
0.125,1,4.57,4.57,0.5,0.25
0.125,1,4.575,4.575,0.5,0.25
0.125,1,4.58,4.58,0.5,0.25
0.125,1,4.585,4.585,0.5,0.25
0.125,1,4.59,4.59,0.5,0.25
0.125,1,4.595,4.595,0.5,0.25
0.125,1,4.6,4.6,0.5,0.25
0.125,1,4.605,4.605,0.5,0.25
0.125,1,4.61,4.61,0.5,0.25
0.125,1,4.615,4.615,0.5,0.25
0.125,1,4.62,4.62,0.5,0.25
0.125,1,4.625,4.625,0.5,0.25
0.125,1,4.63,4.63,0.5,0.25
0.125,1,4.635,4.635,0.5,0.25
0.125,1,4.64,4.64,0.5,0.25
0.125,1,4.645,4.645,0.5,0.25
0.125,1,4.65,4.65,0.5,0.25
0.125,1,4.655,4.655,0.5,0.25
0.125,1,4.66,4.66,0.5,0.25
0.125,1,4.665,4.665,0.5,0.25
0.125,1,4.67,4.67,0.5,0.25
0.125,1,4.675,4.675,0.5,0.25
0.125,1,4.68,4.68,0.5,0.25
0.125,1,4.685,4.685,0.5,0.25
0.125,1,4.69,4.69,0.5,0.25
0.125,1,4.695,4.695,0.5,0.25
0.125,1,4.7,4.7,0.5,0.25
0.125,1,4.705,4.705,0.5,0.25
0.125,1,4.71,4.71,0.5,0.25
0.125,1,4.715,4.715,0.5,0.25
0.125,1,4.72,4.72,0.5,0.25
0.125,1,4.725,4.725,0.5,0.25
0.125,1,4.73,4.73,0.5,0.25
0.125,1,4.735,4.735,0.5,0.25
0.125,1,4.74,4.74,0.5,0.25
0.125,1,4.745,4.745,0.5,0.25
0.125,1,4.75,4.75,0.5,0.25
0.125,1,4.755,4.755,0.5,0.25
0.125,1,4.76,4.76,0.5,0.25
0.125,1,4.765,4.765,0.5,0.25
0.125,1,4.77,4.77,0.5,0.25
0.125,1,4.775,4.775,0.5,0.25
0.125,1,4.78,4.78,0.5,0.25
0.125,1,4.785,4.785,0.5,0.25
0.125,1,4.79,4.79,0.5,0.25
0.125,1,4.795,4.795,0.5,0.25
0.125,1,4.8,4.8,0.5,0.25
0.125,1,4.805,4.805,0.5,0.25
0.125,1,4.81,4.81,0.5,0.25
0.125,1,4.815,4.815,0.5,0.25
0.125,1,4.82,4.82,0.5,0.25
0.125,1,4.825,4.825,0.5,0.25
0.125,1,4.83,4.83,0.5,0.25
0.125,1,4.835,4.835,0.5,0.25
0.125,1,4.84,4.84,0.5,0.25
0.125,1,4.845,4.845,0.5,0.25
0.125,1,4.85,4.85,0.5,0.25
0.125,1,4.855,4.855,0.5,0.25
0.125,1,4.86,4.86,0.5,0.25
0.125,1,4.865,4.865,0.5,0.25
0.125,1,4.87,4.87,0.5,0.25
0.125,1,4.875,4.875,0.5,0.25
0.125,1,4.88,4.88,0.5,0.25
0.125,1,4.885,4.885,0.5,0.25
0.125,1,4.89,4.89,0.5,0.25
0.125,1,4.895,4.895,0.5,0.25
0.125,1,4.9,4.9,0.5,0.25
0.125,1,4.905,4.905,0.5,0.25
0.125,1,4.91,4.91,0.5,0.25
0.125,1,4.915,4.915,0.5,0.25
0.125,1,4.92,4.92,0.5,0.25
0.125,1,4.925,4.925,0.5,0.25
0.125,1,4.93,4.93,0.5,0.25
0.125,1,4.935,4.935,0.5,0.25
0.125,1,4.94,4.94,0.5,0.25
0.125,1,4.945,4.945,0.5,0.25
0.125,1,4.95,4.95,0.5,0.25
0.125,1,4.955,4.955,0.5,0.25
0.125,1,4.96,4.96,0.5,0.25
0.125,1,4.965,4.965,0.5,0.25
0.125,1,4.97,4.97,0.5,0.25
0.125,1,4.975,4.975,0.5,0.25
0.125,1,4.98,4.98,0.5,0.25
0.125,1,4.985,4.985,0.5,0.25
0.125,1,4.99,4.99,0.5,0.25
0.125,1,4.995,4.995,0.5,0.25
0.125,1,5,5,0.5,0.25
